id,AcualTime,WatchTime,Ax,Ay,Az,Gx,Gy,Gz,Mx,My,Mz
0,2025-07-03 16:42:53.694,2025-07-03T16:42:53.298423,1.7836803197860718,-6.617573261260986,1.7334020137786865,-0.09896016865968704,-0.49235737323760986,-0.5290092825889587,-6.71999979019165,-7.739999771118164,-31.739999771118164
1,2025-07-03 16:42:53.790,2025-07-03T16:42:53.396123,3.670311212539673,-8.176198959350586,3.689464807510376,-0.10995574295520782,-1.056796908378601,-1.1032226085662842,-5.039999961853027,-7.019999980926514,-31.559999465942383
2,2025-07-03 16:42:53.890,2025-07-03T16:42:53.493449,4.19224739074707,-6.596025466918945,5.130774021148682,-1.2009611129760742,-0.8515461683273315,-1.1313223838806152,-3.5399999618530273,-7.199999809265137,-31.139999389648438
3,2025-07-03 16:42:53.990,2025-07-03T16:42:53.599720,3.5649664402008057,-0.5027823448181152,6.44279670715332,-0.3787364661693573,-0.4349360466003418,0.5387831330299377,-5.099999904632568,-9.300000190734863,-31.3799991607666
4,2025-07-03 16:42:54.092,2025-07-03T16:42:53.701833,4.95120906829834,-6.605602264404297,6.01423454284668,-1.321912407875061,0.251676470041275,-0.11850785464048386,-7.139999866485596,-13.199999809265137,-30.059999465942383
5,2025-07-03 16:42:54.192,2025-07-03T16:42:53.796781,2.760514497756958,-10.105925559997559,7.311892032623291,-1.8057177066802979,1.2315043210983276,0.11484266817569733,-8.760000228881836,-15.299999237060547,-29.69999885559082
6,2025-07-03 16:42:54.290,2025-07-03T16:42:53.889022,1.235408067703247,-13.328520774841309,7.51779317855835,-0.15271630883216858,1.380555510520935,1.4037683010101318,-9.719999313354492,-16.260000228881836,-30.35999870300293
7,2025-07-03 16:42:54.393,2025-07-03T16:42:53.989068,-1.5322890281677246,-9.153033256530762,3.9240965843200684,0.7037167549133301,1.5845844745635986,1.9816468954086304,-7.079999923706055,-14.579999923706055,-30.420000076293945
8,2025-07-03 16:42:54.490,2025-07-03T16:42:54.093406,-2.099714994430542,-5.5760955810546875,1.800439715385437,0.03420845419168472,0.9749409556388855,1.0739010572433472,-3.299999952316284,-10.019999504089355,-31.799999237060547
9,2025-07-03 16:42:54.590,2025-07-03T16:42:54.196378,-0.33997663855552673,-6.026205539703369,2.434903144836426,0.2785545587539673,-0.10018189996480942,-0.856433093547821,0.17999999225139618,-8.09999942779541,-32.15999984741211
10,2025-07-03 16:42:54.692,2025-07-03T16:42:54.297486,0.5363011956214905,-8.518569946289062,2.983175277709961,-1.0250319242477417,-0.5815436840057373,-0.9615018963813782,2.819999933242798,-7.37999963760376,-31.3799991607666
11,2025-07-03 16:42:54.790,2025-07-03T16:42:54.397270,0.6512228846549988,-8.216899871826172,4.525041103363037,-0.2590068578720093,-0.20525072515010834,-0.6389650702476501,3.240000009536743,-7.5,-30.299999237060547
12,2025-07-03 16:42:54.890,2025-07-03T16:42:54.492127,1.0342950820922852,-8.71489429473877,4.733336925506592,-0.6817256212234497,0.05375614017248154,-0.4080579876899719,3.0,-8.039999961853027,-29.399999618530273
13,2025-07-03 16:42:54.990,2025-07-03T16:42:54.599858,2.212242364883423,-8.62630844116211,4.927267074584961,0.759916365146637,-0.34208452701568604,-0.2785545587539673,3.240000009536743,-6.839999675750732,-29.51999855041504
14,2025-07-03 16:42:55.090,2025-07-03T16:42:54.698947,2.628833532333374,-9.361329078674316,5.049371242523193,-0.012217304669320583,0.05497787147760391,0.2064724564552307,2.5199999809265137,-6.0,-29.51999855041504
15,2025-07-03 16:42:55.191,2025-07-03T16:42:54.795089,2.8586769104003906,-10.273519515991211,4.381389141082764,0.6719517707824707,-0.09651670604944229,0.7721336483955383,3.179999828338623,-5.87999963760376,-29.34000015258789
16,2025-07-03 16:42:55.290,2025-07-03T16:42:54.891710,2.7293899059295654,-9.751583099365234,5.796362400054932,0.42271876335144043,-0.09285151958465576,1.822821855545044,3.299999952316284,-6.359999656677246,-30.0
17,2025-07-03 16:42:55.390,2025-07-03T16:42:54.989360,-0.40462008118629456,-6.813898086547852,4.2951979637146,0.4593706727027893,-0.10873401165008545,1.880243182182312,2.5799999237060547,-7.199999809265137,-29.639999389648438
18,2025-07-03 16:42:55.490,2025-07-03T16:42:55.100483,-2.741360902786255,-4.156333923339844,4.853046894073486,0.2981022298336029,-0.6536257863044739,1.1789699792861938,1.5,-8.699999809265137,-29.51999855041504
19,2025-07-03 16:42:55.590,2025-07-03T16:42:55.193804,-3.07415509223938,-4.812345504760742,3.3854012489318848,-0.6707300543785095,-1.0543533563613892,0.1563815027475357,-1.3799999952316284,-9.539999961853027,-30.479999542236328
20,2025-07-03 16:42:55.690,2025-07-03T16:42:55.305012,-2.387019157409668,-5.434837818145752,4.90571928024292,-0.5412266254425049,-0.9749409556388855,-0.31642818450927734,-3.299999952316284,-9.420000076293945,-29.03999900817871
21,2025-07-03 16:42:55.790,2025-07-03T16:42:55.397629,-2.808398485183716,-7.173028469085693,5.659893035888672,-0.9053022861480713,-0.7269296646118164,-0.5253441333770752,-5.940000057220459,-8.880000114440918,-28.619998931884766
22,2025-07-03 16:42:55.890,2025-07-03T16:42:55.495004,-1.0558429956436157,-9.787496566772461,8.374917984008789,-0.4129449129104614,-0.26145032048225403,-0.304210901260376,-9.119999885559082,-7.37999963760376,-28.079999923706055
23,2025-07-03 16:42:55.990,2025-07-03T16:42:55.605266,-2.027888774871826,-8.927978515625,9.555258750915527,0.45204028487205505,-0.5461135506629944,-0.2773328125476837,-12.179999351501465,-5.940000057220459,-27.35999870300293
24,2025-07-03 16:42:56.090,2025-07-03T16:42:55.699508,1.2617442607879639,-10.029311180114746,6.294356346130371,-1.7238616943359375,0.7855727076530457,0.2125810980796814,-14.75999927520752,-4.319999694824219,-27.479999542236328
25,2025-07-03 16:42:56.190,2025-07-03T16:42:55.794331,-2.0422539710998535,-7.024587631225586,6.485892295837402,2.216219186782837,1.8081611394882202,0.8258898258209229,-16.260000228881836,-3.9599997997283936,-27.299999237060547
26,2025-07-03 16:42:56.290,2025-07-03T16:42:55.895550,-3.3638534545898438,-5.841852188110352,5.801150798797607,3.034778594970703,0.2272418737411499,0.03787364438176155,-15.179999351501465,-4.799999713897705,-27.719999313354492
27,2025-07-03 16:42:56.395,2025-07-03T16:42:55.988939,-2.8443117141723633,-3.5745432376861572,6.09324312210083,1.2424999475479126,-0.4434881806373596,0.6719517707824707,-13.559999465942383,-7.679999828338623,-26.279998779296875
28,2025-07-03 16:42:56.499,2025-07-03T16:42:56.095434,-2.0159177780151367,-3.7876269817352295,8.556877136230469,0.24678955972194672,-0.6792821288108826,0.4899139404296875,-11.699999809265137,-12.300000190734863,-24.119998931884766
29,2025-07-03 16:42:56.597,2025-07-03T16:42:56.197901,-2.0614075660705566,-3.555389642715454,9.75397777557373,0.45204028487205505,-0.17348572611808777,0.16004669666290283,-11.460000038146973,-16.139999389648438,-22.260000228881836
30,2025-07-03 16:42:56.695,2025-07-03T16:42:56.301172,-1.113303780555725,-2.1547815799713135,9.641449928283691,-0.6988298296928406,-0.3396410644054413,0.39706242084503174,-13.019999504089355,-19.3799991607666,-19.5
31,2025-07-03 16:42:56.799,2025-07-03T16:42:56.397073,-0.7015010714530945,-3.529053211212158,10.14902114868164,0.7330383062362671,-0.36529740691185,0.5839871764183044,-14.519999504089355,-20.03999900817871,-18.959999084472656
32,2025-07-03 16:42:56.900,2025-07-03T16:42:56.496178,-1.1540051698684692,-3.093308687210083,8.949525833129883,1.1789699792861938,-0.4178318381309509,0.5290092825889587,-17.579999923706055,-20.03999900817871,-18.719999313354492
33,2025-07-03 16:42:56.997,2025-07-03T16:42:56.601062,-0.4429273009300232,-4.122815132141113,9.129091262817383,1.927890658378601,-0.13072516024112701,0.7757988572120667,-19.139999389648438,-20.579999923706055,-17.03999900817871
34,2025-07-03 16:42:57.097,2025-07-03T16:42:56.700276,-0.33518823981285095,3.7038300037384033,8.927978515625,4.288273811340332,-0.0354301854968071,0.7134906053543091,-21.059999465942383,-21.84000015258789,-14.9399995803833
35,2025-07-03 16:42:57.192,2025-07-03T16:42:56.789799,-0.19393034279346466,5.717353820800781,8.362946510314941,1.8020524978637695,0.4789183437824249,0.19058994948863983,-23.459999084472656,-23.34000015258789,-9.779999732971191
36,2025-07-03 16:42:57.299,2025-07-03T16:42:56.789799,-0.19393034279346466,5.717353820800781,8.362946510314941,1.8020524978637695,0.4789183437824249,0.19058994948863983,-23.459999084472656,-23.34000015258789,-9.779999732971191
37,2025-07-03 16:42:57.398,2025-07-03T16:42:56.989117,-1.9800047874450684,4.809951305389404,7.184999465942383,-2.984687566757202,0.3188716471195221,-1.2877039909362793,-24.600000381469727,-25.5,1.3799999952316284
38,2025-07-03 16:42:57.496,2025-07-03T16:42:57.088944,-4.108449935913086,4.525041103363037,7.582436561584473,-1.5149458646774292,-0.09285151958465576,-0.9065240025520325,-22.19999885559082,-26.51999855041504,4.079999923706055
39,2025-07-03 16:42:57.593,2025-07-03T16:42:57.189,-1.2713210582733154,-3.201047658920288,9.725247383117676,-1.7238616943359375,-0.9957103729248047,-0.019547687843441963,-18.959999084472656,-26.639999389648438,1.7999999523162842
40,2025-07-03 16:42:57.692,2025-07-03T16:42:57.289202,-0.47165772318840027,-3.2106244564056396,7.967903137207031,0.8906415104866028,-0.5864306092262268,0.788016140460968,-16.68000030517578,-25.3799991607666,-3.5399999618530273
41,2025-07-03 16:42:57.790,2025-07-03T16:42:57.388960,-0.9672574996948242,-2.7700912952423096,7.55131196975708,-0.30054569244384766,-0.7550294399261475,0.48869219422340393,-16.559999465942383,-23.760000228881836,-9.719999313354492
42,2025-07-03 16:42:57.890,2025-07-03T16:42:57.388960,-0.9672574996948242,-2.7700912952423096,7.55131196975708,-0.30054569244384766,-0.7550294399261475,0.48869219422340393,-16.559999465942383,-23.760000228881836,-9.719999313354492
43,2025-07-03 16:42:57.991,2025-07-03T16:42:57.588962,0.5650315880775452,2.365471363067627,8.7484130859375,1.585806131362915,0.13561208546161652,0.3640756905078888,-20.34000015258789,-18.65999984741211,-12.84000015258789
44,2025-07-03 16:42:58.091,2025-07-03T16:42:57.789060,-0.5674257874488831,-3.2609026432037354,8.80587387084961,-1.2681562900543213,0.1270599663257599,-0.7562511563301086,-24.0,-18.600000381469727,-7.019999980926514
45,2025-07-03 16:42:58.193,2025-07-03T16:42:57.789060,-0.5674257874488831,-3.2609026432037354,8.80587387084961,-1.2681562900543213,0.1270599663257599,-0.7562511563301086,-24.0,-18.600000381469727,-7.019999980926514
46,2025-07-03 16:42:58.291,2025-07-03T16:42:57.888963,-2.0661959648132324,-0.2944868206977844,10.261548042297363,-0.5839871764183044,0.12828169763088226,-1.156978726387024,-23.81999969482422,-18.719999313354492,-6.299999713897705
47,2025-07-03 16:42:58.390,2025-07-03T16:42:57.988970,0.08619125932455063,-3.7612907886505127,11.26950740814209,-0.012217304669320583,-0.6572909951210022,0.2223549485206604,-22.619998931884766,-18.059999465942383,-7.619999885559082
48,2025-07-03 16:42:58.490,2025-07-03T16:42:58.089733,-0.14365209639072418,-2.142810583114624,9.0859956741333,1.0348057746887207,-0.3225368559360504,0.7134906053543091,-21.779998779296875,-16.85999870300293,-10.199999809265137
49,2025-07-03 16:42:58.590,2025-07-03T16:42:58.288977,0.13407529890537262,0.6416460275650024,10.486603736877441,2.6816983222961426,-0.39095374941825867,0.4715879559516907,-22.020000457763672,-16.559999465942383,-11.09999942779541
50,2025-07-03 16:42:58.691,2025-07-03T16:42:58.288977,0.13407529890537262,0.6416460275650024,10.486603736877441,2.6816983222961426,-0.39095374941825867,0.4715879559516907,-22.020000457763672,-16.559999465942383,-11.09999942779541
51,2025-07-03 16:42:58.791,2025-07-03T16:42:58.389027,1.3263877630233765,4.69024133682251,8.71489429473877,2.118480682373047,-0.09529497474431992,0.5791002511978149,-23.51999855041504,-17.69999885559082,-8.760000228881836
52,2025-07-03 16:42:58.890,2025-07-03T16:42:58.494420,1.3766659498214722,4.817133903503418,7.9631147384643555,0.9456194043159485,0.3127630054950714,0.49357911944389343,-24.719999313354492,-18.65999984741211,-4.139999866485596
53,2025-07-03 16:42:58.991,2025-07-03T16:42:58.595330,1.4987702369689941,6.97430944442749,7.757213592529297,-1.3194689750671387,0.7867944240570068,0.11728613078594208,-26.459999084472656,-19.979999542236328,-0.05999999865889549
54,2025-07-03 16:42:59.090,2025-07-03T16:42:58.693559,1.3096283674240112,4.220977783203125,9.9000244140625,-1.7739527225494385,-0.09896016865968704,-0.6609562039375305,-26.279998779296875,-20.219999313354492,4.139999866485596
55,2025-07-03 16:42:59.190,2025-07-03T16:42:58.793401,-0.4213795065879822,-0.3016694188117981,10.72841739654541,-1.842369556427002,0.24190263450145721,-0.9468411207199097,-26.579999923706055,-19.3799991607666,4.559999942779541
56,2025-07-03 16:42:59.292,2025-07-03T16:42:58.893308,-1.2976573705673218,-5.228936672210693,9.172186851501465,-2.2235496044158936,0.09651670604944229,-1.0775662660598755,-26.69999885559082,-19.5,0.7799999713897705
57,2025-07-03 16:42:59.390,2025-07-03T16:42:58.993014,-0.06464344263076782,-3.3925838470458984,7.898471355438232,-1.4391984939575195,-0.5180137157440186,-0.039095375686883926,-25.01999855041504,-18.059999465942383,-4.319999694824219
58,2025-07-03 16:42:59.490,2025-07-03T16:42:59.102747,-0.17477671802043915,-3.533841609954834,10.92953109741211,0.17592918872833252,0.08918632566928864,0.384845107793808,-25.01999855041504,-16.5,-10.079999923706055
59,2025-07-03 16:42:59.590,2025-07-03T16:42:59.189259,0.6416460275650024,-4.529829502105713,7.905653953552246,0.30543261766433716,0.02321287989616394,0.32009339332580566,-24.600000381469727,-15.239999771118164,-13.679999351501465
60,2025-07-03 16:42:59.692,2025-07-03T16:42:59.296717,0.14365209639072418,-3.5721490383148193,8.26478385925293,0.3396410644054413,0.13805554807186127,0.0806342139840126,-23.279998779296875,-12.84000015258789,-14.75999927520752
61,2025-07-03 16:42:59.790,2025-07-03T16:42:59.398479,-0.1364694982767105,-2.47560453414917,8.87291145324707,3.3231070041656494,-0.3787364661693573,0.06841690838336945,-23.8799991607666,-12.239999771118164,-14.15999984741211
62,2025-07-03 16:42:59.891,2025-07-03T16:42:59.493359,1.01753568649292,3.6176388263702393,7.350199222564697,2.9297096729278564,0.33108896017074585,0.4337143301963806,-24.899999618530273,-13.679999351501465,-12.719999313354492
63,2025-07-03 16:42:59.991,2025-07-03T16:42:59.595834,-0.22026655077934265,2.585737943649292,9.495404243469238,-0.2015855312347412,0.988379955291748,0.11362093687057495,-26.03999900817871,-16.020000457763672,-8.9399995803833
64,2025-07-03 16:43:00.090,2025-07-03T16:42:59.691281,-1.2090718746185303,3.31118106842041,9.387664794921875,-1.7250834703445435,0.9737191796302795,0.059864792972803116,-27.65999984741211,-18.959999084472656,-5.579999923706055
65,2025-07-03 16:43:00.192,2025-07-03T16:42:59.791744,-1.9273324012756348,1.3479355573654175,9.10993766784668,-1.1520918607711792,0.9773843884468079,-0.14416420459747314,-28.799999237060547,-21.059999465942383,-3.0
66,2025-07-03 16:43:00.291,2025-07-03T16:42:59.891143,-3.179499864578247,-0.9481038451194763,9.804255485534668,-1.6823228597640991,0.5534439086914062,-0.0659734457731247,-28.31999969482422,-21.18000030517578,-2.5799999237060547
67,2025-07-03 16:43:00.390,2025-07-03T16:42:59.990686,-3.2537200450897217,-0.5003881454467773,9.131484985351562,-0.12828169763088226,0.05619960278272629,0.46303585171699524,-27.779998779296875,-19.799999237060547,-6.420000076293945
68,2025-07-03 16:43:00.490,2025-07-03T16:43:00.089566,-2.5450363159179688,-0.5817909836769104,9.617507934570312,0.02321287989616394,-0.4948008358478546,0.50335294008255,-26.579999923706055,-17.459999084472656,-10.319999694824219
69,2025-07-03 16:43:00.590,2025-07-03T16:43:00.191237,-1.922544002532959,-0.15322890877723694,9.430760383605957,-2.1820106506347656,-0.12461651116609573,-0.16982053220272064,-25.260000228881836,-14.460000038146973,-13.4399995803833
70,2025-07-03 16:43:00.690,2025-07-03T16:43:00.289194,-1.5514427423477173,-2.4684219360351562,8.87051773071289,-2.5387558937072754,0.5021312236785889,-0.7831292152404785,-25.139999389648438,-11.399999618530273,-15.179999351501465
71,2025-07-03 16:43:00.794,2025-07-03T16:43:00.396291,-2.808398485183716,-6.421248912811279,6.952761650085449,-0.8258898258209229,0.9089674949645996,-0.950506329536438,-24.35999870300293,-8.15999984741211,-16.079999923706055
72,2025-07-03 16:43:00.899,2025-07-03T16:43:00.396291,-2.808398485183716,-6.421248912811279,6.952761650085449,-0.8258898258209229,0.9089674949645996,-0.950506329536438,-24.35999870300293,-8.15999984741211,-16.079999923706055
73,2025-07-03 16:43:01.022,2025-07-03T16:43:00.589500,-1.2880805730819702,-2.078166961669922,6.538564682006836,0.1612684279680252,-0.8613200187683105,-0.44104471802711487,-23.459999084472656,-5.21999979019165,-18.779998779296875
74,2025-07-03 16:43:01.101,2025-07-03T16:43:00.710143,0.5123591423034668,-2.631227731704712,9.32541561126709,0.3591887652873993,-0.5595525503158569,0.015882495790719986,-22.139999389648438,-5.87999963760376,-19.31999969482422
75,2025-07-03 16:43:01.196,2025-07-03T16:43:00.803692,-1.381454348564148,-2.164358377456665,7.359776020050049,-0.44104471802711487,0.04764748737215996,-0.01466076634824276,-22.5,-7.559999942779541,-19.31999969482422
76,2025-07-03 16:43:01.297,2025-07-03T16:43:00.898736,-0.950498104095459,-3.421314239501953,9.062053680419922,0.6352998614311218,-0.19058994948863983,0.19547687470912933,-22.799999237060547,-8.760000228881836,-18.420000076293945
77,2025-07-03 16:43:01.395,2025-07-03T16:43:00.998741,-1.7501614093780518,-4.920084476470947,7.850587368011475,2.411695957183838,-0.5412266254425049,0.3579670190811157,-22.979999542236328,-8.880000114440918,-18.059999465942383
78,2025-07-03 16:43:01.499,2025-07-03T16:43:01.112148,-0.2849099934101105,-2.4372973442077637,9.569623947143555,2.1820106506347656,-0.45204028487205505,0.3530801236629486,-24.119998931884766,-9.479999542236328,-17.34000015258789
79,2025-07-03 16:43:01.596,2025-07-03T16:43:01.202167,0.14844051003456116,1.6543933153152466,9.215282440185547,0.9773843884468079,-0.14416420459747314,0.5974262356758118,-25.260000228881836,-11.399999618530273,-14.460000038146973
80,2025-07-03 16:43:01.695,2025-07-03T16:43:01.294476,0.6584054827690125,3.8498764038085938,11.623848915100098,0.0024434609804302454,0.7965682744979858,0.21502456068992615,-27.0,-13.559999465942383,-10.920000076293945
81,2025-07-03 16:43:01.791,2025-07-03T16:43:01.403429,-0.43095630407333374,5.348646640777588,6.8809356689453125,-0.40072759985923767,0.5778785347938538,-1.1484266519546509,-28.5,-16.079999923706055,-7.559999942779541
82,2025-07-03 16:43:01.915,2025-07-03T16:43:01.501927,-2.6360161304473877,1.7286136150360107,7.864952564239502,-3.7727036476135254,1.568701982498169,-2.0781636238098145,-28.85999870300293,-18.059999465942383,-5.940000057220459
83,2025-07-03 16:43:01.990,2025-07-03T16:43:01.610133,-4.19224739074707,-2.6886885166168213,6.658275127410889,-2.6083946228027344,1.9755382537841797,-2.322509765625,-26.81999969482422,-17.760000228881836,-8.34000015258789
84,2025-07-03 16:43:02.090,2025-07-03T16:43:01.698919,-3.0621838569641113,-7.649474620819092,4.146757125854492,-1.9804251194000244,0.9749409556388855,-2.961474657058716,-22.260000228881836,-16.559999465942383,-13.739999771118164
85,2025-07-03 16:43:02.190,2025-07-03T16:43:01.800964,0.912190854549408,-10.005369186401367,3.907337188720703,-0.2076941877603531,0.2370157092809677,-2.495995283126831,-14.75999927520752,-13.019999504089355,-19.020000457763672
86,2025-07-03 16:43:02.291,2025-07-03T16:43:01.907232,2.250549554824829,-7.747636795043945,5.626373767852783,1.8191566467285156,0.23579397797584534,-1.4159855842590332,-8.399999618530273,-9.239999771118164,-24.719999313354492
87,2025-07-03 16:43:02.390,2025-07-03T16:43:01.994315,2.9041666984558105,-4.517858505249023,7.841010570526123,2.73301100730896,-0.09896016865968704,-0.6035348773002625,-3.240000009536743,-7.5,-27.899999618530273
88,2025-07-03 16:43:02.490,2025-07-03T16:43:02.104435,2.516305923461914,-4.644751071929932,8.734047889709473,2.4776694774627686,-0.1661553531885147,-0.05009094998240471,-0.5399999618530273,-10.260000228881836,-28.31999969482422
89,2025-07-03 16:43:02.591,2025-07-03T16:43:02.200427,2.1954829692840576,-3.2585084438323975,9.399636268615723,0.6157521605491638,-0.05375614017248154,-0.15393804013729095,-0.5999999642372131,-16.139999389648438,-26.579999923706055
90,2025-07-03 16:43:02.690,2025-07-03T16:43:02.294038,2.2697031497955322,-2.513911724090576,9.80904483795166,1.4391984939575195,-0.3396410644054413,-0.09896016865968704,-0.05999999865889549,-22.68000030517578,-22.979999542236328
91,2025-07-03 16:43:02.792,2025-07-03T16:43:02.397083,2.9448680877685547,-3.550601005554199,9.8784761428833,-0.5852088928222656,-0.025656340643763542,0.2028072625398636,0.17999999225139618,-28.01999855041504,-19.020000457763672
92,2025-07-03 16:43:02.900,2025-07-03T16:43:02.495306,3.4356794357299805,-3.2609026432037354,10.146626472473145,-0.0806342139840126,0.00366519158706069,0.455705463886261,0.11999999731779099,-30.53999900817871,-16.260000228881836
93,2025-07-03 16:43:02.995,2025-07-03T16:43:02.599682,6.761225700378418,-5.25527286529541,8.259995460510254,-1.2852604389190674,0.7782423496246338,1.7617353200912476,0.5999999642372131,-31.139999389648438,-15.119999885559082
94,2025-07-03 16:43:03.090,2025-07-03T16:43:02.697603,4.24970817565918,-4.953603267669678,5.8873419761657715,-2.8405234813690186,-0.5314527750015259,2.744006633758545,-0.5999999642372131,-31.19999885559082,-15.239999771118164
95,2025-07-03 16:43:03.192,2025-07-03T16:43:02.791855,-3.8546648025512695,-7.623138427734375,2.2457611560821533,-2.9138271808624268,-0.8723155856132507,1.7739527225494385,-3.7200000286102295,-29.03999900817871,-18.18000030517578
96,2025-07-03 16:43:03.291,2025-07-03T16:43:02.889002,-5.25527286529541,-6.823474884033203,5.0900726318359375,-0.06230825558304787,-0.3591887652873993,0.8344419002532959,-6.539999961853027,-21.600000381469727,-21.299999237060547
97,2025-07-03 16:43:03.390,2025-07-03T16:43:02.989269,-3.7636849880218506,-7.419631004333496,5.34625244140625,0.8845328688621521,0.015882495790719986,0.901637077331543,-11.039999961853027,-13.619999885559082,-24.84000015258789
98,2025-07-03 16:43:03.490,2025-07-03T16:43:03.088994,-4.165910720825195,-9.318233489990234,6.710947513580322,1.5210545063018799,-0.28588494658470154,0.7269296646118164,-13.619999885559082,-4.739999771118164,-27.779998779296875
99,2025-07-03 16:43:03.590,2025-07-03T16:43:03.199406,-2.875436305999756,-8.583212852478027,6.0405707359313965,0.8588765263557434,0.598647952079773,0.6377432942390442,-14.819999694824219,1.559999942779541,-28.799999237060547
100,2025-07-03 16:43:03.691,2025-07-03T16:43:03.289766,-4.659116744995117,-7.110779285430908,8.341399192810059,1.3903292417526245,0.720820963382721,0.8906415104866028,-15.299999237060547,2.5799999237060547,-29.219999313354492
101,2025-07-03 16:43:03.790,2025-07-03T16:43:03.389925,-5.992686748504639,-5.013458251953125,7.513004779815674,2.255314588546753,1.1068878173828125,1.480737328529358,-15.059999465942383,1.5,-30.119998931884766
102,2025-07-03 16:43:03.894,2025-07-03T16:43:03.489007,-6.469132900238037,-1.436521053314209,6.320692539215088,2.2211060523986816,1.0555751323699951,1.3439035415649414,-14.09999942779541,-1.7400000095367432,-30.239999771118164
103,2025-07-03 16:43:03.990,2025-07-03T16:43:03.588939,-6.447585105895996,0.5363011956214905,4.888959884643555,1.8484781980514526,0.6291912198066711,1.2034045457839966,-12.539999961853027,-6.0,-29.15999984741211
104,2025-07-03 16:43:04.090,2025-07-03T16:43:03.588939,-6.447585105895996,0.5363011956214905,4.888959884643555,1.8484781980514526,0.6291912198066711,1.2034045457839966,-12.539999961853027,-6.0,-29.15999984741211
105,2025-07-03 16:43:04.190,2025-07-03T16:43:03.806621,-6.9910688400268555,3.093308687210083,4.426878929138184,1.205847978591919,0.21502456068992615,0.7000515460968018,-9.59999942779541,-15.899999618530273,-23.760000228881836
106,2025-07-03 16:43:04.290,2025-07-03T16:43:03.888956,-6.682217121124268,4.616020679473877,4.180276393890381,0.8637634515762329,0.08918632566928864,0.5607742667198181,-9.84000015258789,-20.459999084472656,-20.15999984741211
107,2025-07-03 16:43:04.391,2025-07-03T16:43:03.989155,-6.651092529296875,5.39174222946167,3.7158010005950928,0.6206390857696533,0.05742133408784866,0.3323107063770294,-11.09999942779541,-23.81999969482422,-17.219999313354492
108,2025-07-03 16:43:04.490,2025-07-03T16:43:04.089330,-6.698976516723633,5.398924827575684,3.706224203109741,0.5326744914054871,0.06719517707824707,0.1722639948129654,-12.65999984741211,-25.439998626708984,-14.279999732971191
109,2025-07-03 16:43:04.592,2025-07-03T16:43:04.089330,-6.698976516723633,5.398924827575684,3.706224203109741,0.5326744914054871,0.06719517707824707,0.1722639948129654,-12.65999984741211,-25.439998626708984,-14.279999732971191
110,2025-07-03 16:43:04.690,2025-07-03T16:43:04.089330,-6.698976516723633,5.398924827575684,3.706224203109741,0.5326744914054871,0.06719517707824707,0.1722639948129654,-12.65999984741211,-25.439998626708984,-14.279999732971191
111,2025-07-03 16:43:04.790,2025-07-03T16:43:04.189260,-6.665457725524902,5.918466567993164,3.6727054119110107,0.26145032048225403,0.036651913076639175,0.09896016865968704,-13.199999809265137,-26.279998779296875,-10.920000076293945
112,2025-07-03 16:43:04.891,2025-07-03T16:43:04.489430,-6.698976516723633,5.535394191741943,3.670311212539673,-0.27000242471694946,-0.021991148591041565,-0.10384709388017654,-13.559999465942383,-27.239999771118164,-6.119999885559082
113,2025-07-03 16:43:04.996,2025-07-03T16:43:04.589636,-6.813898086547852,5.767632007598877,3.9432501792907715,-0.3982841372489929,0.05009094998240471,-0.16371189057826996,-13.799999237060547,-27.53999900817871,-6.480000019073486
114,2025-07-03 16:43:05.094,2025-07-03T16:43:04.589636,-6.813898086547852,5.767632007598877,3.9432501792907715,-0.3982841372489929,0.05009094998240471,-0.16371189057826996,-13.799999237060547,-27.53999900817871,-6.480000019073486
115,2025-07-03 16:43:05.196,2025-07-03T16:43:04.693254,-6.823474884033203,4.6950297355651855,3.9624037742614746,-0.5656611919403076,-0.06841690838336945,-0.24190263450145721,-13.920000076293945,-27.84000015258789,-6.899999618530273
116,2025-07-03 16:43:05.300,2025-07-03T16:43:04.693254,-6.823474884033203,4.6950297355651855,3.9624037742614746,-0.5656611919403076,-0.06841690838336945,-0.24190263450145721,-13.920000076293945,-27.84000015258789,-6.899999618530273
117,2025-07-03 16:43:05.409,2025-07-03T16:43:04.693254,-6.823474884033203,4.6950297355651855,3.9624037742614746,-0.5656611919403076,-0.06841690838336945,-0.24190263450145721,-13.920000076293945,-27.84000015258789,-6.899999618530273
118,2025-07-03 16:43:05.509,2025-07-03T16:43:04.693254,-6.823474884033203,4.6950297355651855,3.9624037742614746,-0.5656611919403076,-0.06841690838336945,-0.24190263450145721,-13.920000076293945,-27.84000015258789,-6.899999618530273
119,2025-07-03 16:43:05.604,2025-07-03T16:43:04.693254,-6.823474884033203,4.6950297355651855,3.9624037742614746,-0.5656611919403076,-0.06841690838336945,-0.24190263450145721,-13.920000076293945,-27.84000015258789,-6.899999618530273
120,2025-07-03 16:43:05.702,2025-07-03T16:43:04.693254,-6.823474884033203,4.6950297355651855,3.9624037742614746,-0.5656611919403076,-0.06841690838336945,-0.24190263450145721,-13.920000076293945,-27.84000015258789,-6.899999618530273
121,2025-07-03 16:43:05.801,2025-07-03T16:43:04.693254,-6.823474884033203,4.6950297355651855,3.9624037742614746,-0.5656611919403076,-0.06841690838336945,-0.24190263450145721,-13.920000076293945,-27.84000015258789,-6.899999618530273
122,2025-07-03 16:43:05.900,2025-07-03T16:43:05.221851,-4.963180065155029,-4.946420669555664,7.036558628082275,-2.9101619720458984,-0.9529497623443604,-2.1111502647399902,-11.279999732971191,-22.799999237060547,-17.81999969482422
123,2025-07-03 16:43:05.990,2025-07-03T16:43:05.614515,-1.4939818382263184,-9.430760383605957,5.765237808227539,-0.42760565876960754,-0.384845107793808,-0.3188716471195221,-13.319999694824219,-5.279999732971191,-30.779998779296875
124,2025-07-03 16:43:06.098,2025-07-03T16:43:05.614515,-1.4939818382263184,-9.430760383605957,5.765237808227539,-0.42760565876960754,-0.384845107793808,-0.3188716471195221,-13.319999694824219,-5.279999732971191,-30.779998779296875
125,2025-07-03 16:43:06.194,2025-07-03T16:43:05.817425,-1.0989385843276978,-8.068459510803223,10.235212326049805,-2.5534167289733887,0.019547687843441963,-0.02932153269648552,-16.619998931884766,-2.0399999618530273,-32.21999740600586
126,2025-07-03 16:43:06.290,2025-07-03T16:43:05.909971,-2.96162748336792,-7.204153060913086,4.975151062011719,0.0806342139840126,1.2767083644866943,-0.1111774742603302,-17.8799991607666,-0.05999999865889549,-31.799999237060547
127,2025-07-03 16:43:06.392,2025-07-03T16:43:05.995361,-1.213860273361206,-9.423578262329102,1.6424223184585571,0.8295549750328064,1.6481144428253174,-1.4306464195251465,-18.18000030517578,1.4399999380111694,-31.799999237060547
128,2025-07-03 16:43:06.494,2025-07-03T16:43:06.093205,2.094926595687866,-7.682993412017822,3.9839515686035156,0.8613200187683105,0.9724974632263184,-1.585806131362915,-16.619998931884766,2.0999999046325684,-32.15999984741211
129,2025-07-03 16:43:06.591,2025-07-03T16:43:06.195649,3.8498764038085938,-8.686163902282715,4.113238334655762,0.6279694437980652,0.5241223573684692,-1.5051720142364502,-13.799999237060547,0.29999998211860657,-32.57999801635742
130,2025-07-03 16:43:06.690,2025-07-03T16:43:06.293516,3.6104562282562256,-6.98628044128418,6.636727333068848,1.3341296911239624,-0.03787364438176155,-0.8759807348251343,-9.779999732971191,-3.419999837875366,-33.23999786376953
131,2025-07-03 16:43:06.795,2025-07-03T16:43:06.404932,3.464409828186035,-6.1770405769348145,8.367734909057617,1.8570303916931152,-0.12217304855585098,-0.2382374405860901,-5.639999866485596,-8.220000267028809,-33.18000030517578
132,2025-07-03 16:43:06.890,2025-07-03T16:43:06.495839,3.3063924312591553,-5.6910176277160645,8.006210327148438,0.636521577835083,-0.19425514340400696,-0.09407325088977814,-3.179999828338623,-13.920000076293945,-31.260000228881836
133,2025-07-03 16:43:06.990,2025-07-03T16:43:06.495839,3.3063924312591553,-5.6910176277160645,8.006210327148438,0.636521577835083,-0.19425514340400696,-0.09407325088977814,-3.179999828338623,-13.920000076293945,-31.260000228881836
134,2025-07-03 16:43:07.090,2025-07-03T16:43:06.717165,2.935291290283203,-2.607285737991333,8.087613105773926,1.860695481300354,0.10506882518529892,0.18936823308467865,-1.0199999809265137,-21.899999618530273,-27.299999237060547
135,2025-07-03 16:43:07.192,2025-07-03T16:43:06.822126,2.959233283996582,-3.3255462646484375,8.614337921142578,-0.5717698931694031,0.4789183437824249,0.0,-1.1399999856948853,-25.68000030517578,-23.459999084472656
136,2025-07-03 16:43:07.290,2025-07-03T16:43:06.916766,3.6966474056243896,-5.097255229949951,10.237606048583984,-1.9071213006973267,0.5314527750015259,0.5009095072746277,0.35999998450279236,-27.479999542236328,-20.69999885559082
137,2025-07-03 16:43:07.391,2025-07-03T16:43:07.019325,4.4292731285095215,-6.94079065322876,7.137115478515625,-0.2590068578720093,-0.6927211880683899,2.4544565677642822,0.0,-28.68000030517578,-19.260000228881836
138,2025-07-03 16:43:07.490,2025-07-03T16:43:07.112949,2.3056161403656006,-4.3191399574279785,6.88332986831665,-0.8515461683273315,-0.5571091175079346,1.86191725730896,-1.2599999904632568,-28.31999969482422,-19.68000030517578
139,2025-07-03 16:43:07.590,2025-07-03T16:43:07.190092,-0.5602431893348694,-4.8937482833862305,9.493009567260742,-1.0616837739944458,-0.8991936445236206,1.5625933408737183,-4.019999980926514,-26.03999900817871,-21.600000381469727
140,2025-07-03 16:43:07.690,2025-07-03T16:43:07.320405,-2.008735179901123,-5.420472621917725,9.840168952941895,-0.6157521605491638,0.00366519158706069,0.7415903806686401,-9.479999542236328,-22.85999870300293,-24.0
141,2025-07-03 16:43:07.790,2025-07-03T16:43:07.414491,-2.513911724090576,-4.867412090301514,8.429984092712402,0.8833111524581909,0.13927727937698364,0.3494149148464203,-13.019999504089355,-19.139999389648438,-24.899999618530273
142,2025-07-03 16:43:07.890,2025-07-03T16:43:07.512741,-0.8978256583213806,-2.671929121017456,7.769184589385986,2.6645941734313965,-0.31642818450927734,0.19058994948863983,-14.9399995803833,-16.079999923706055,-24.600000381469727
143,2025-07-03 16:43:07.991,2025-07-03T16:43:07.610643,-0.2992752194404602,-4.587290287017822,10.843339920043945,1.7140878438949585,-0.17470745742321014,-0.03787364438176155,-16.799999237060547,-15.899999618530273,-23.100000381469727
144,2025-07-03 16:43:08.090,2025-07-03T16:43:07.720286,-0.4572925269603729,-1.403002142906189,9.014169692993164,0.8026769161224365,-0.1820378452539444,0.018325956538319588,-18.059999465942383,-16.68000030517578,-21.84000015258789
145,2025-07-03 16:43:08.190,2025-07-03T16:43:07.720286,-0.4572925269603729,-1.403002142906189,9.014169692993164,0.8026769161224365,-0.1820378452539444,0.018325956538319588,-18.059999465942383,-16.68000030517578,-21.84000015258789
146,2025-07-03 16:43:08.290,2025-07-03T16:43:07.791437,-0.5051765441894531,0.8523358106613159,9.890447616577148,0.05864306539297104,-0.1722639948129654,0.04886921867728233,-19.68000030517578,-19.68000030517578,-19.979999542236328
147,2025-07-03 16:43:08.391,2025-07-03T16:43:07.890338,0.28969839215278625,-0.0454898327589035,9.746794700622559,-1.0604621171951294,0.1661553531885147,-0.17959438264369965,-21.899999618530273,-23.34000015258789,-16.739999771118164
148,2025-07-03 16:43:08.494,2025-07-03T16:43:08.091839,-0.871489405632019,-5.935225963592529,7.836222171783447,-2.211332082748413,0.16859880089759827,0.030543262138962746,-21.779998779296875,-24.18000030517578,-14.9399995803833
149,2025-07-03 16:43:08.593,2025-07-03T16:43:08.196299,-0.6536170840263367,-8.813055992126465,4.252102375030518,-1.9462167024612427,0.1368338167667389,-0.18936823308467865,-20.03999900817871,-21.53999900817871,-15.239999771118164
150,2025-07-03 16:43:08.690,2025-07-03T16:43:08.288864,-0.6847416758537292,-7.295132637023926,8.372523307800293,-0.759916365146637,0.5180137157440186,-0.3738495409488678,-19.260000228881836,-17.34000015258789,-18.779998779296875
151,2025-07-03 16:43:08.793,2025-07-03T16:43:08.411162,-0.4692635238170624,-6.157886981964111,6.076483726501465,-1.8362609148025513,0.49357911944389343,-0.41661009192466736,-18.299999237060547,-13.859999656677246,-22.920000076293945
152,2025-07-03 16:43:08.904,2025-07-03T16:43:08.509091,-0.07182604819536209,-8.276755332946777,7.201758861541748,-0.5619960427284241,0.12095131725072861,0.32498031854629517,-17.579999923706055,-10.139999389648438,-26.69999885559082
153,2025-07-03 16:43:08.991,2025-07-03T16:43:08.595427,-2.161964178085327,-10.977415084838867,3.1459810733795166,1.4306464195251465,-0.46792277693748474,0.28955012559890747,-17.15999984741211,-6.899999618530273,-29.279998779296875
154,2025-07-03 16:43:09.091,2025-07-03T16:43:08.595427,-2.161964178085327,-10.977415084838867,3.1459810733795166,1.4306464195251465,-0.46792277693748474,0.28955012559890747,-17.15999984741211,-6.899999618530273,-29.279998779296875
155,2025-07-03 16:43:09.190,2025-07-03T16:43:08.595427,-2.161964178085327,-10.977415084838867,3.1459810733795166,1.4306464195251465,-0.46792277693748474,0.28955012559890747,-17.15999984741211,-6.899999618530273,-29.279998779296875
156,2025-07-03 16:43:09.306,2025-07-03T16:43:08.889790,0.6153098344802856,-2.8419175148010254,8.044517517089844,0.5448917746543884,-0.26022860407829285,0.32009339332580566,-17.520000457763672,-8.519999504089355,-27.719999313354492
157,2025-07-03 16:43:09.402,2025-07-03T16:43:08.889790,0.6153098344802856,-2.8419175148010254,8.044517517089844,0.5448917746543884,-0.26022860407829285,0.32009339332580566,-17.520000457763672,-8.519999504089355,-27.719999313354492
158,2025-07-03 16:43:09.495,2025-07-03T16:43:09.103735,-0.7541735172271729,-5.200206279754639,7.1490864753723145,-0.27977627515792847,0.21013765037059784,-0.04764748737215996,-20.939998626708984,-18.420000076293945,-20.03999900817871
159,2025-07-03 16:43:09.599,2025-07-03T16:43:09.222835,0.5626373887062073,-5.858611583709717,12.643778800964355,0.10873401165008545,0.40194934606552124,0.1722639948129654,-22.920000076293945,-21.239999771118164,-16.979999542236328
160,2025-07-03 16:43:09.695,2025-07-03T16:43:09.319165,0.12210428714752197,-1.9943699836730957,11.135432243347168,0.7709119319915771,0.38728857040405273,-0.22113321721553802,-22.739999771118164,-22.260000228881836,-14.880000114440918
161,2025-07-03 16:43:09.800,2025-07-03T16:43:09.419522,0.9026140570640564,0.08858546614646912,8.087613105773926,-0.9175195693969727,1.5357152223587036,-0.6890559792518616,-22.68000030517578,-23.219999313354492,-14.75999927520752
162,2025-07-03 16:43:09.900,2025-07-03T16:43:09.528273,-2.4827871322631836,-2.252943754196167,4.175487995147705,-3.582113742828369,1.6285667419433594,-0.8796459436416626,-21.719999313354492,-23.939998626708984,-16.260000228881836
163,2025-07-03 16:43:10.000,2025-07-03T16:43:09.619918,-4.422090530395508,-6.215347766876221,8.212111473083496,-4.140444755554199,-1.197295904159546,-0.856433093547821,-17.81999969482422,-22.979999542236328,-18.779998779296875
164,2025-07-03 16:43:10.097,2025-07-03T16:43:09.689821,-0.9313444495201111,-8.164227485656738,4.331110954284668,-0.6255260109901428,-1.8411478996276855,-1.49906325340271,-14.9399995803833,-18.479999542236328,-23.459999084472656
165,2025-07-03 16:43:10.198,2025-07-03T16:43:09.826937,-0.6488286852836609,-10.070012092590332,7.443572998046875,0.07819075137376785,-0.46181413531303406,-0.2724458873271942,-13.139999389648438,-12.420000076293945,-27.599998474121094
166,2025-07-03 16:43:10.296,2025-07-03T16:43:09.918487,0.27054479718208313,-8.355764389038086,7.577648162841797,0.5497786998748779,-0.14782938361167908,0.0806342139840126,-13.920000076293945,-6.779999732971191,-31.01999855041504
167,2025-07-03 16:43:10.399,2025-07-03T16:43:10.021304,-0.2825157940387726,-8.317456245422363,8.724471092224121,0.2064724564552307,0.5253441333770752,0.4129449129104614,-16.31999969482422,-2.879999876022339,-32.21999740600586
168,2025-07-03 16:43:10.498,2025-07-03T16:43:10.115151,-2.4205379486083984,-8.65743350982666,8.339004516601562,-0.36529740691185,2.070833206176758,0.5119050741195679,-19.19999885559082,-2.0999999046325684,-32.459999084472656
169,2025-07-03 16:43:10.591,2025-07-03T16:43:10.214402,-3.5649664402008057,-5.8203043937683105,2.7030537128448486,0.7318165898323059,2.0024163722991943,0.14782938361167908,-18.420000076293945,-1.2599999904632568,-32.81999969482422
170,2025-07-03 16:43:10.690,2025-07-03T16:43:10.293266,-1.5873557329177856,-7.29034423828125,1.4772224426269531,0.48869219422340393,1.0604621171951294,-0.8527678847312927,-14.34000015258789,-0.7799999713897705,-33.599998474121094
171,2025-07-03 16:43:10.790,2025-07-03T16:43:10.397406,0.6727706789970398,-9.205705642700195,1.9033904075622559,-0.6585127115249634,0.3078760802745819,-1.3365731239318848,-8.9399995803833,-0.35999998450279236,-34.91999816894531
172,2025-07-03 16:43:10.891,2025-07-03T16:43:10.492927,1.2952631711959839,-9.57201862335205,3.4548330307006836,-0.34697145223617554,0.37751471996307373,-1.1105530261993408,-3.059999942779541,-0.17999999225139618,-34.91999816894531
173,2025-07-03 16:43:10.991,2025-07-03T16:43:10.593739,0.3016694188117981,-10.177751541137695,4.086902141571045,0.21624629199504852,0.08918632566928864,-0.3543018400669098,1.0799999237060547,-1.559999942779541,-34.439998626708984
174,2025-07-03 16:43:11.090,2025-07-03T16:43:10.692244,0.033518824726343155,-9.10993766784668,4.027047157287598,0.08552113175392151,-0.042760565876960754,-0.1319468915462494,3.6599998474121094,-2.2200000286102295,-33.71999740600586
175,2025-07-03 16:43:11.193,2025-07-03T16:43:10.811171,-0.5171475410461426,-8.983044624328613,4.728548526763916,-0.03787364438176155,0.01466076634824276,-0.09529497474431992,4.319999694824219,-2.700000047683716,-33.119998931884766
176,2025-07-03 16:43:11.290,2025-07-03T16:43:10.909648,-0.3423708379268646,-8.592789649963379,4.460397720336914,-0.06841690838336945,0.015882495790719986,-0.039095375686883926,4.199999809265137,-3.240000009536743,-33.36000061035156
177,2025-07-03 16:43:11.390,2025-07-03T16:43:11.007477,-0.26096799969673157,-8.4108304977417,4.843470096588135,0.08796459436416626,0.01710422709584236,-0.2834414839744568,4.739999771118164,-3.059999942779541,-33.540000915527344
178,2025-07-03 16:43:11.490,2025-07-03T16:43:11.096394,0.3447650372982025,-7.972691535949707,4.807557106018066,-0.11728613078594208,0.018325956538319588,-0.23579397797584534,4.319999694824219,-3.7799999713897705,-34.380001068115234
179,2025-07-03 16:43:11.591,2025-07-03T16:43:11.189896,0.6177040338516235,-8.480262756347656,4.953603267669678,-0.1270599663257599,-0.05864306539297104,-0.22357667982578278,4.5,-4.380000114440918,-34.439998626708984
180,2025-07-03 16:43:11.690,2025-07-03T16:43:11.320014,0.5482721924781799,-7.785943984985352,5.243301868438721,-0.7061602473258972,-0.1869247704744339,-0.12950342893600464,5.460000038146973,-4.920000076293945,-34.97999954223633
181,2025-07-03 16:43:11.791,2025-07-03T16:43:11.390246,0.5099649429321289,-8.520963668823242,4.716577529907227,-0.3799581825733185,0.17348572611808777,-0.26511552929878235,4.920000076293945,-5.87999963760376,-35.040000915527344
182,2025-07-03 16:43:11.890,2025-07-03T16:43:11.489658,0.22266076505184174,-9.313444137573242,4.158728122711182,-0.2626720666885376,-0.06963863968849182,-0.03298672288656235,4.859999656677246,-6.599999904632568,-34.55999755859375
183,2025-07-03 16:43:11.990,2025-07-03T16:43:11.589950,3.0119056701660156,-8.559270858764648,2.535459518432617,-0.8772025108337402,0.21502456068992615,0.3029891550540924,5.87999963760376,-5.579999923706055,-34.68000030517578
184,2025-07-03 16:43:12.090,2025-07-03T16:43:11.689542,2.8826189041137695,-7.053318023681641,-1.192312479019165,-0.16249015927314758,-0.15027284622192383,1.4220943450927734,5.21999979019165,-4.920000076293945,-34.79999923706055
185,2025-07-03 16:43:12.190,2025-07-03T16:43:11.811550,0.33518823981285095,-7.661445617675781,2.2361843585968018,-0.5717698931694031,-1.6395623683929443,0.6047565937042236,5.099999904632568,-3.359999895095825,-35.57999801635742
186,2025-07-03 16:43:12.290,2025-07-03T16:43:11.889829,-0.38307225704193115,-10.663774490356445,3.2178070545196533,-1.5344934463500977,-1.2950342893600464,-0.9651671051979065,5.279999732971191,-0.7799999713897705,-36.599998474121094
187,2025-07-03 16:43:12.391,2025-07-03T16:43:11.989666,0.21547815203666687,-11.456254959106445,6.560112476348877,0.988379955291748,-1.996307611465454,-1.1582005023956299,1.4399999380111694,1.2599999904632568,-37.55999755859375
188,2025-07-03 16:43:12.490,2025-07-03T16:43:12.089515,-1.213860273361206,-22.52704429626465,17.14966583251953,-1.1936306953430176,-1.6029103994369507,-0.6340781450271606,-2.2799999713897705,3.419999837875366,-38.15999984741211
189,2025-07-03 16:43:12.590,2025-07-03T16:43:12.189642,2.7940332889556885,-4.896142482757568,2.03507137298584,0.7660250067710876,0.7428121566772461,0.015882495790719986,-8.039999961853027,3.8999998569488525,-38.099998474121094
190,2025-07-03 16:43:12.690,2025-07-03T16:43:12.290125,3.9193081855773926,-9.399636268615723,2.808398485183716,-0.012217304669320583,0.08796459436416626,-0.15515977144241333,-12.960000038146973,2.5799999237060547,-37.55999755859375
191,2025-07-03 16:43:12.790,2025-07-03T16:43:12.290125,3.9193081855773926,-9.399636268615723,2.808398485183716,-0.012217304669320583,0.08796459436416626,-0.15515977144241333,-12.960000038146973,2.5799999237060547,-37.55999755859375
192,2025-07-03 16:43:12.890,2025-07-03T16:43:12.390621,2.6168625354766846,-8.89445972442627,3.8331170082092285,-0.17470745742321014,-0.2590068578720093,-0.06719517707824707,-15.65999984741211,0.29999998211860657,-37.31999969482422
193,2025-07-03 16:43:12.991,2025-07-03T16:43:12.390621,2.6168625354766846,-8.89445972442627,3.8331170082092285,-0.17470745742321014,-0.2590068578720093,-0.06719517707824707,-15.65999984741211,0.29999998211860657,-37.31999969482422
194,2025-07-03 16:43:13.089,2025-07-03T16:43:12.390621,2.6168625354766846,-8.89445972442627,3.8331170082092285,-0.17470745742321014,-0.2590068578720093,-0.06719517707824707,-15.65999984741211,0.29999998211860657,-37.31999969482422
195,2025-07-03 16:43:13.190,2025-07-03T16:43:12.390621,2.6168625354766846,-8.89445972442627,3.8331170082092285,-0.17470745742321014,-0.2590068578720093,-0.06719517707824707,-15.65999984741211,0.29999998211860657,-37.31999969482422
196,2025-07-03 16:43:13.290,2025-07-03T16:43:12.390621,2.6168625354766846,-8.89445972442627,3.8331170082092285,-0.17470745742321014,-0.2590068578720093,-0.06719517707824707,-15.65999984741211,0.29999998211860657,-37.31999969482422
197,2025-07-03 16:43:13.392,2025-07-03T16:43:12.991113,-2.118868589401245,-10.374075889587402,0.5530605912208557,-1.9120081663131714,1.927890658378601,1.930334210395813,-14.880000114440918,0.7799999713897705,-38.459999084472656
198,2025-07-03 16:43:13.490,2025-07-03T16:43:13.089845,-1.6041151285171509,-8.746018409729004,-1.4053963422775269,1.742187738418579,0.7929030656814575,0.6963863968849182,-9.119999885559082,5.519999980926514,-38.21999740600586
199,2025-07-03 16:43:13.590,2025-07-03T16:43:13.189369,0.45489832758903503,-8.418013572692871,-1.0606313943862915,1.880243182182312,0.09407325088977814,-0.5827654600143433,-1.6200000047683716,9.059999465942383,-37.2599983215332
200,2025-07-03 16:43:13.691,2025-07-03T16:43:13.289999,0.40462008118629456,-7.735665798187256,0.4596867263317108,0.6206390857696533,-0.1319468915462494,-0.7159340381622314,4.199999809265137,9.359999656677246,-35.099998474121094
201,2025-07-03 16:43:13.790,2025-07-03T16:43:13.390286,0.6991068720817566,-7.682993412017822,1.941697597503662,0.7012733221054077,-0.07452555745840073,-0.5192354321479797,7.799999713897705,8.399999618530273,-34.31999969482422
202,2025-07-03 16:43:13.896,2025-07-03T16:43:13.489912,0.9600749015808105,-9.512163162231445,3.1914708614349365,0.018325956538319588,-0.30543261766433716,-0.19425514340400696,8.09999942779541,4.559999942779541,-34.13999938964844
203,2025-07-03 16:43:13.996,2025-07-03T16:43:13.590132,1.316810965538025,-11.097125053405762,5.30076265335083,-0.07330382615327835,-0.01466076634824276,-0.02076941914856434,5.579999923706055,1.4399999380111694,-34.439998626708984
204,2025-07-03 16:43:14.093,2025-07-03T16:43:13.590132,1.316810965538025,-11.097125053405762,5.30076265335083,-0.07330382615327835,-0.01466076634824276,-0.02076941914856434,5.579999923706055,1.4399999380111694,-34.439998626708984
205,2025-07-03 16:43:14.199,2025-07-03T16:43:13.790082,2.808398485183716,-9.672574996948242,5.063736438751221,2.737898111343384,-1.1081095933914185,1.519832730293274,4.079999923706055,-1.559999942779541,-34.86000061035156
206,2025-07-03 16:43:14.297,2025-07-03T16:43:13.889531,-0.1388636976480484,-6.607996463775635,6.9455790519714355,0.8918632864952087,-1.2498302459716797,1.1655309200286865,2.819999933242798,-3.6599998474121094,-34.2599983215332
207,2025-07-03 16:43:14.396,2025-07-03T16:43:13.989940,-1.400607943534851,-6.490680694580078,6.964732646942139,-1.018923282623291,-1.3426817655563354,0.4642575979232788,1.1999999284744263,-6.359999656677246,-33.47999954223633
208,2025-07-03 16:43:14.492,2025-07-03T16:43:14.089730,-2.5953147411346436,-5.995080947875977,7.826645374298096,-1.6615535020828247,-1.0714576244354248,-0.44104471802711487,-2.4600000381469727,-9.300000190734863,-33.05999755859375
209,2025-07-03 16:43:14.600,2025-07-03T16:43:14.189712,-0.5291185975074768,-8.434772491455078,6.811503887176514,-0.8918632864952087,-0.608421802520752,0.07330382615327835,-7.5,-10.679999351501465,-32.21999740600586
210,2025-07-03 16:43:14.709,2025-07-03T16:43:14.289963,-1.3527239561080933,-10.144232749938965,7.232883453369141,-0.8258898258209229,-0.021991148591041565,0.09651670604944229,-10.920000076293945,-9.119999885559082,-31.619998931884766
211,2025-07-03 16:43:14.798,2025-07-03T16:43:14.389933,-0.3447650372982025,-9.016563415527344,5.329493045806885,0.6414085030555725,-0.24434609711170197,0.1160643994808197,-14.279999732971191,-5.519999980926514,-31.85999870300293
212,2025-07-03 16:43:14.901,2025-07-03T16:43:14.489858,0.730231523513794,-9.840168952941895,7.548917770385742,0.6976081132888794,0.2993239760398865,-0.1319468915462494,-16.68000030517578,-2.3999998569488525,-32.15999984741211
213,2025-07-03 16:43:14.997,2025-07-03T16:43:14.589926,-0.37828385829925537,-9.402029991149902,7.062894821166992,1.8167132139205933,0.9993755221366882,0.6902777552604675,-17.520000457763672,-0.41999998688697815,-32.52000045776367
214,2025-07-03 16:43:15.092,2025-07-03T16:43:14.689404,-3.134010076522827,-7.4986395835876465,5.700594425201416,4.120896816253662,0.7721336483955383,0.455705463886261,-17.579999923706055,-1.0199999809265137,-32.459999084472656
215,2025-07-03 16:43:15.190,2025-07-03T16:43:14.789535,-1.6855180263519287,-0.9265560507774353,6.979097843170166,0.6963863968849182,-0.3982841372489929,-0.2626720666885376,-16.440000534057617,-5.460000038146973,-31.01999855041504
216,2025-07-03 16:43:15.290,2025-07-03T16:43:14.889088,-1.5442601442337036,-4.505887508392334,10.271124839782715,-2.0671679973602295,-0.24923302233219147,0.23945917189121246,-14.819999694824219,-11.579999923706055,-28.260000228881836
217,2025-07-03 16:43:15.392,2025-07-03T16:43:14.889088,-1.5442601442337036,-4.505887508392334,10.271124839782715,-2.0671679973602295,-0.24923302233219147,0.23945917189121246,-14.819999694824219,-11.579999923706055,-28.260000228881836
218,2025-07-03 16:43:15.490,2025-07-03T16:43:14.989906,-0.6440402865409851,-6.931213855743408,7.287950038909912,-0.27611109614372253,-0.485027015209198,0.09285151958465576,-13.799999237060547,-16.5,-26.099998474121094
219,2025-07-03 16:43:15.590,2025-07-03T16:43:15.190026,-0.8236053586006165,-6.045359134674072,8.374917984008789,0.4764748811721802,-0.2834414839744568,0.10384709388017654,-14.34000015258789,-18.420000076293945,-24.84000015258789
220,2025-07-03 16:43:15.690,2025-07-03T16:43:15.289923,-0.2825157940387726,-4.441244125366211,9.854534149169922,0.7550294399261475,-0.21013765037059784,0.5155702829360962,-15.420000076293945,-15.299999237060547,-25.3799991607666
221,2025-07-03 16:43:15.795,2025-07-03T16:43:15.389437,-2.3127987384796143,-5.906495571136475,6.643909931182861,-0.6682865619659424,-0.31520646810531616,0.616973876953125,-16.619998931884766,-14.34000015258789,-25.5
222,2025-07-03 16:43:15.891,2025-07-03T16:43:15.489903,-1.1348515748977661,-4.474762916564941,10.60391902923584,3.266907215118408,-0.2028072625398636,0.3066543638706207,-18.239999771118164,-14.15999984741211,-24.53999900817871
223,2025-07-03 16:43:15.990,2025-07-03T16:43:15.589976,0.023942016065120697,-2.8802247047424316,10.486603736877441,0.9358455538749695,0.2028072625398636,0.32009339332580566,-19.619998931884766,-15.420000076293945,-22.68000030517578
224,2025-07-03 16:43:16.090,2025-07-03T16:43:15.690319,-2.9951462745666504,-1.7334020137786865,9.801861763000488,-0.34208452701568604,1.6872098445892334,0.18570303916931152,-20.8799991607666,-17.34000015258789,-20.760000228881836
225,2025-07-03 16:43:16.192,2025-07-03T16:43:15.789883,-3.971980571746826,-0.8906430602073669,6.141127586364746,-1.1227703094482422,1.528384804725647,-0.47769662737846375,-21.35999870300293,-18.239999771118164,-19.739999771118164
226,2025-07-03 16:43:16.290,2025-07-03T16:43:15.889283,-2.7724854946136475,0.31124621629714966,4.7620673179626465,-0.21380282938480377,0.2871066629886627,-1.5137240886688232,-19.920000076293945,-18.959999084472656,-19.799999237060547
227,2025-07-03 16:43:16.390,2025-07-03T16:43:15.989569,-0.9097966551780701,-2.626439332962036,4.8937482833862305,-2.1624629497528076,-0.16737708449363708,-2.0891592502593994,-16.440000534057617,-18.65999984741211,-20.81999969482422
228,2025-07-03 16:43:16.490,2025-07-03T16:43:16.089882,0.07900865375995636,-6.552929878234863,6.3733649253845215,0.012217304669320583,-0.15515977144241333,-2.1001546382904053,-13.019999504089355,-17.520000457763672,-23.399999618530273
229,2025-07-03 16:43:16.590,2025-07-03T16:43:16.089882,0.07900865375995636,-6.552929878234863,6.3733649253845215,0.012217304669320583,-0.15515977144241333,-2.1001546382904053,-13.019999504089355,-17.520000457763672,-23.399999618530273
230,2025-07-03 16:43:16.690,2025-07-03T16:43:16.289736,2.609679937362671,-8.47786808013916,7.201758861541748,-0.911410927772522,0.19914206862449646,-1.076344609260559,-7.139999866485596,-15.179999351501465,-27.239999771118164
231,2025-07-03 16:43:16.790,2025-07-03T16:43:16.390149,1.9273324012756348,-8.183381080627441,6.797138690948486,0.21380282938480377,0.08918632566928864,-0.4288274049758911,-5.21999979019165,-14.399999618530273,-28.979999542236328
232,2025-07-03 16:43:16.890,2025-07-03T16:43:16.489888,1.8962076902389526,-7.783549785614014,6.926425457000732,-0.21624629199504852,0.04153883829712868,-0.3225368559360504,-3.299999952316284,-13.559999465942383,-30.299999237060547
233,2025-07-03 16:43:16.990,2025-07-03T16:43:16.595306,1.6184803247451782,-7.939172744750977,5.995080947875977,0.08307767659425735,0.05497787147760391,-0.2382374405860901,-1.559999942779541,-13.979999542236328,-31.19999885559082
234,2025-07-03 16:43:17.090,2025-07-03T16:43:16.689709,1.6903064250946045,-6.519411087036133,6.1530985832214355,0.9627236127853394,0.12095131725072861,-0.35552358627319336,0.11999999731779099,-14.519999504089355,-32.52000045776367
235,2025-07-03 16:43:17.191,2025-07-03T16:43:16.790218,1.9704279899597168,-7.781155586242676,7.347805023193359,0.21135938167572021,0.2223549485206604,-0.00733038317412138,1.2599999904632568,-14.75999927520752,-33.0
236,2025-07-03 16:43:17.292,2025-07-03T16:43:16.890024,2.4684219360351562,-6.627150535583496,7.632715225219727,0.4386012554168701,-0.09773843735456467,-0.06719517707824707,2.0399999618530273,-16.440000534057617,-32.81999969482422
237,2025-07-03 16:43:17.394,2025-07-03T16:43:16.989439,4.378994941711426,-9.258378028869629,7.960720539093018,-0.1514945775270462,-0.05742133408784866,0.626747727394104,3.0,-17.279998779296875,-32.040000915527344
238,2025-07-03 16:43:17.495,2025-07-03T16:43:17.090170,5.928043365478516,-8.336610794067383,6.8809356689453125,0.7293730974197388,-0.15515977144241333,2.403143882751465,3.7799999713897705,-17.8799991607666,-30.959999084472656
239,2025-07-03 16:43:17.591,2025-07-03T16:43:17.190939,2.0685901641845703,-6.914454460144043,4.896142482757568,-1.5125023126602173,-1.4538593292236328,2.8845057487487793,3.7799999713897705,-17.8799991607666,-30.959999084472656
240,2025-07-03 16:43:17.695,2025-07-03T16:43:17.289958,-2.7724854946136475,-3.8786067962646484,2.1164743900299072,-2.2992968559265137,-0.5681046843528748,1.7153096199035645,0.0,-17.15999984741211,-30.059999465942383
241,2025-07-03 16:43:17.795,2025-07-03T16:43:17.390265,-6.081272125244141,-5.724536418914795,7.3885064125061035,-0.09896016865968704,-0.3396410644054413,0.28588494658470154,-4.859999656677246,-13.739999771118164,-29.639999389648438
242,2025-07-03 16:43:17.892,2025-07-03T16:43:17.489649,-3.1316158771514893,-8.271966934204102,7.620744228363037,1.7385225296020508,-0.7147123217582703,0.44837507605552673,-10.319999694824219,-9.059999465942383,-29.69999885559082
243,2025-07-03 16:43:17.990,2025-07-03T16:43:17.590643,0.11971008777618408,-8.226476669311523,11.250353813171387,0.48258355259895325,0.2590068578720093,0.5510004758834839,-14.639999389648438,-4.440000057220459,-29.81999969482422
244,2025-07-03 16:43:18.092,2025-07-03T16:43:17.691139,-2.3104045391082764,-10.6709566116333,7.999027729034424,3.00423526763916,0.4202753007411957,0.8698720932006836,-17.760000228881836,-0.7199999690055847,-29.279998779296875
245,2025-07-03 16:43:18.200,2025-07-03T16:43:17.789201,-4.819528102874756,-4.357447147369385,7.936778545379639,2.4630086421966553,1.566258430480957,1.2009611129760742,-18.0,-0.11999999731779099,-28.920000076293945
246,2025-07-03 16:43:18.290,2025-07-03T16:43:17.889547,-5.942408561706543,-2.365471363067627,6.531382083892822,1.8765780925750732,1.5919147729873657,1.3927727937698364,-16.739999771118164,-2.5199999809265137,-28.68000030517578
247,2025-07-03 16:43:18.399,2025-07-03T16:43:17.990822,-6.3302693367004395,0.28969839215278625,4.8722004890441895,1.6102408170700073,1.0348057746887207,1.235169529914856,-14.819999694824219,-6.299999713897705,-28.5
248,2025-07-03 16:43:18.498,2025-07-03T16:43:18.090411,-6.708553314208984,0.6368576288223267,5.207388877868652,1.320690631866455,0.35674530267715454,1.0140362977981567,-12.119999885559082,-11.399999618530273,-28.01999855041504
249,2025-07-03 16:43:18.600,2025-07-03T16:43:18.189360,-6.469132900238037,2.892195701599121,5.0685248374938965,1.4037683010101318,0.08796459436416626,0.7904596328735352,-10.139999389648438,-16.19999885559082,-26.459999084472656
250,2025-07-03 16:43:18.691,2025-07-03T16:43:18.289627,-6.320692539215088,3.8522706031799316,4.484339714050293,1.3952162265777588,-0.02687807008624077,0.5436700582504272,-9.779999732971191,-19.739999771118164,-24.0
251,2025-07-03 16:43:18.799,2025-07-03T16:43:18.390710,-6.660669326782227,4.738125324249268,4.2329487800598145,0.8613200187683105,0.09407325088977814,0.30543261766433716,-10.800000190734863,-22.559999465942383,-20.579999923706055
252,2025-07-03 16:43:18.896,2025-07-03T16:43:18.491651,-6.150704383850098,5.374982833862305,3.8738183975219727,0.4178318381309509,0.04886921867728233,0.25045475363731384,-11.880000114440918,-24.84000015258789,-17.34000015258789
253,2025-07-03 16:43:18.998,2025-07-03T16:43:18.590966,-6.368576526641846,6.035782337188721,3.627215623855591,0.3579670190811157,0.0,0.1062905490398407,-12.359999656677246,-26.03999900817871,-14.279999732971191
254,2025-07-03 16:43:19.096,2025-07-03T16:43:18.690636,-6.229712963104248,5.880159378051758,3.778050184249878,0.32009339332580566,0.042760565876960754,0.0708603709936142,-13.380000114440918,-27.65999984741211,-11.460000038146973
255,2025-07-03 16:43:19.197,2025-07-03T16:43:18.793999,-6.392518520355225,6.251260757446289,3.756502389907837,0.32131510972976685,0.00733038317412138,-0.03787364438176155,-13.5,-28.31999969482422,-9.719999313354492
256,2025-07-03 16:43:19.296,2025-07-03T16:43:18.891588,-6.675034523010254,6.200982570648193,3.246537446975708,0.2590068578720093,0.09162978827953339,-0.05619960278272629,-13.559999465942383,-28.619998931884766,-8.09999942779541
257,2025-07-03 16:43:19.392,2025-07-03T16:43:18.992754,-6.708553314208984,6.536170482635498,3.3039982318878174,0.46303585171699524,0.05742133408784866,0.05864306539297104,-14.279999732971191,-29.099998474121094,-7.019999980926514
258,2025-07-03 16:43:19.493,2025-07-03T16:43:19.091111,-6.466738700866699,6.291962146759033,2.7102363109588623,0.41172316670417786,0.024434609338641167,0.07330382615327835,-13.5,-28.68000030517578,-5.819999694824219
259,2025-07-03 16:43:19.591,2025-07-03T16:43:19.190754,-6.349422931671143,6.5050458908081055,2.408566951751709,0.394618958234787,-0.01466076634824276,0.02687807008624077,-13.319999694824219,-29.399999618530273,-4.920000076293945
260,2025-07-03 16:43:19.690,2025-07-03T16:43:19.291736,-6.538564682006836,6.509834289550781,2.4468741416931152,0.11850785464048386,-0.04153883829712868,-0.09651670604944229,-13.619999885559082,-29.639999389648438,-3.5399999618530273
261,2025-07-03 16:43:19.794,2025-07-03T16:43:19.390752,-6.555324077606201,6.5912370681762695,2.073378562927246,0.1661553531885147,-0.010995574295520782,-0.0024434609804302454,-13.859999656677246,-30.239999771118164,-2.6399998664855957
262,2025-07-03 16:43:19.890,2025-07-03T16:43:19.492144,-6.512228488922119,6.845022678375244,1.8986018896102905,0.09040805697441101,-0.01466076634824276,0.0,-14.399999618530273,-31.01999855041504,-2.2200000286102295
263,2025-07-03 16:43:19.990,2025-07-03T16:43:19.590685,-6.519411087036133,6.971915245056152,2.1164743900299072,0.0403171069920063,0.018325956538319588,-0.00855211354792118,-14.75999927520752,-30.899999618530273,-1.4399999380111694
264,2025-07-03 16:43:20.090,2025-07-03T16:43:19.690710,-6.512228488922119,6.7061591148376465,2.5258827209472656,-0.19058994948863983,-0.051312681287527084,0.015882495790719986,-14.75999927520752,-31.19999885559082,-1.1999999284744263
265,2025-07-03 16:43:20.190,2025-07-03T16:43:19.793291,-6.162675380706787,6.763619899749756,2.8179752826690674,-0.21135938167572021,-0.02321287989616394,-0.0024434609804302454,-13.25999927520752,-30.420000076293945,-0.35999998450279236
266,2025-07-03 16:43:20.290,2025-07-03T16:43:19.891833,-6.514622688293457,6.703764915466309,2.719813108444214,-0.4056145250797272,0.06475171446800232,-0.01466076634824276,-13.319999694824219,-30.119998931884766,-0.29999998211860657
267,2025-07-03 16:43:20.390,2025-07-03T16:43:19.891833,-6.514622688293457,6.703764915466309,2.719813108444214,-0.4056145250797272,0.06475171446800232,-0.01466076634824276,-13.319999694824219,-30.119998931884766,-0.29999998211860657
268,2025-07-03 16:43:20.490,2025-07-03T16:43:19.991826,-6.344634532928467,6.584054470062256,2.7892448902130127,-0.4447098970413208,-0.04153883829712868,-0.004886921960860491,-13.679999351501465,-30.059999465942383,-0.47999998927116394
269,2025-07-03 16:43:20.592,2025-07-03T16:43:20.090878,-5.851428985595703,6.629544734954834,2.425326347351074,-0.5302310585975647,-0.23457226157188416,-0.23457226157188416,-13.380000114440918,-29.939998626708984,-1.9799998998641968
270,2025-07-03 16:43:20.691,2025-07-03T16:43:20.290199,-3.9887399673461914,0.9744400978088379,2.032677173614502,-1.7605136632919312,-0.675616979598999,-0.7354817390441895,-13.799999237060547,-30.479999542236328,-3.179999828338623
271,2025-07-03 16:43:20.790,2025-07-03T16:43:20.391120,-4.314351558685303,-0.7781155705451965,6.270414352416992,-3.7055084705352783,-1.871691107749939,-1.7910568714141846,-11.519999504089355,-29.279998779296875,-8.09999942779541
272,2025-07-03 16:43:20.891,2025-07-03T16:43:20.492796,-3.7924153804779053,-5.8657941818237305,9.84256362915039,-3.425732374191284,-1.6920967102050781,-1.8582520484924316,-11.219999313354492,-26.81999969482422,-11.519999504089355
273,2025-07-03 16:43:20.990,2025-07-03T16:43:20.591335,-3.7924153804779053,-5.8657941818237305,9.84256362915039,-3.425732374191284,-1.6920967102050781,-1.8582520484924316,-11.219999313354492,-26.81999969482422,-11.519999504089355
274,2025-07-03 16:43:21.094,2025-07-03T16:43:20.692308,-0.5554547905921936,-8.650250434875488,9.768342971801758,-1.4746286869049072,-1.0030407905578613,-0.40683624148368835,-9.84000015258789,-23.03999900817871,-16.079999923706055
275,2025-07-03 16:43:21.190,2025-07-03T16:43:20.793186,0.06464344263076782,-7.671022415161133,11.243170738220215,-1.026253581047058,-0.4960225820541382,-0.4080579876899719,-13.739999771118164,-14.579999923706055,-23.69999885559082
276,2025-07-03 16:43:21.290,2025-07-03T16:43:20.793186,0.06464344263076782,-7.671022415161133,11.243170738220215,-1.026253581047058,-0.4960225820541382,-0.4080579876899719,-13.739999771118164,-14.579999923706055,-23.69999885559082
277,2025-07-03 16:43:21.390,2025-07-03T16:43:20.991266,-0.8571242094039917,-8.001421928405762,5.154716491699219,-2.3909265995025635,0.24190263450145721,-0.07208210229873657,-15.960000038146973,-10.979999542236328,-25.559999465942383
278,2025-07-03 16:43:21.491,2025-07-03T16:43:21.092266,-2.2433669567108154,-9.016563415527344,4.970362663269043,0.5644394755363464,2.2492058277130127,-0.7220427393913269,-17.520000457763672,-7.139999866485596,-25.3799991607666
279,2025-07-03 16:43:21.591,2025-07-03T16:43:21.191471,0.002394201699644327,-7.575253963470459,2.3535003662109375,1.7409659624099731,1.9413297176361084,-1.5711454153060913,-17.459999084472656,-3.8399999141693115,-25.979999542236328
280,2025-07-03 16:43:21.691,2025-07-03T16:43:21.291297,3.1244332790374756,-7.0557122230529785,3.3662476539611816,2.2015583515167236,1.0800096988677979,-1.6187928915023804,-13.199999809265137,-2.759999990463257,-26.8799991607666
281,2025-07-03 16:43:21.793,2025-07-03T16:43:21.393781,3.5865142345428467,-7.663839817047119,5.580883979797363,0.6585127115249634,0.27000242471694946,-1.0812314748764038,-8.15999984741211,-4.319999694824219,-28.139999389648438
282,2025-07-03 16:43:21.890,2025-07-03T16:43:21.491681,3.28963303565979,-5.882553577423096,6.840234279632568,1.0348057746887207,-0.05742133408784866,-0.5876523852348328,-3.0,-7.859999656677246,-29.81999969482422
283,2025-07-03 16:43:21.991,2025-07-03T16:43:21.590013,2.8874073028564453,-5.916072368621826,8.427590370178223,0.16859880089759827,0.11484266817569733,-0.14294247329235077,1.6799999475479126,-12.719999313354492,-30.17999839782715
284,2025-07-03 16:43:22.090,2025-07-03T16:43:21.690991,2.9448680877685547,-5.403713226318359,8.109161376953125,-0.2981022298336029,0.10506882518529892,-0.1368338167667389,3.8399999141693115,-16.440000534057617,-29.69999885559082
285,2025-07-03 16:43:22.196,2025-07-03T16:43:21.789960,2.609679937362671,-6.40927791595459,7.218518257141113,-0.6218608021736145,0.024434609338641167,-0.08674286305904388,4.559999942779541,-18.299999237060547,-29.219999313354492
286,2025-07-03 16:43:22.294,2025-07-03T16:43:21.890118,2.0374655723571777,-6.495469093322754,6.916848659515381,-0.4691445231437683,0.11484266817569733,-0.12339477986097336,5.159999847412109,-19.139999389648438,-28.979999542236328
287,2025-07-03 16:43:22.390,2025-07-03T16:43:21.990067,2.52109432220459,-6.900089263916016,6.931213855743408,-0.7489207983016968,0.3323107063770294,-0.09529497474431992,5.460000038146973,-18.959999084472656,-29.579999923706055
288,2025-07-03 16:43:22.490,2025-07-03T16:43:21.990067,2.52109432220459,-6.900089263916016,6.931213855743408,-0.7489207983016968,0.3323107063770294,-0.09529497474431992,5.460000038146973,-18.959999084472656,-29.579999923706055
289,2025-07-03 16:43:22.590,2025-07-03T16:43:22.190590,3.270479440689087,-7.187393665313721,4.879383087158203,-0.4508185386657715,-0.5546656250953674,2.1001546382904053,6.539999961853027,-17.03999900817871,-30.959999084472656
290,2025-07-03 16:43:22.692,2025-07-03T16:43:22.289427,1.2713210582733154,-8.099584579467773,4.2544965744018555,-0.27122417092323303,-0.7538077235221863,2.3542747497558594,5.940000057220459,-15.539999961853027,-31.3799991607666
291,2025-07-03 16:43:22.790,2025-07-03T16:43:22.392175,-1.7573440074920654,-5.817910194396973,3.3877954483032227,-2.9688050746917725,-0.8674286603927612,1.205847978591919,4.319999694824219,-12.84000015258789,-31.31999969482422
292,2025-07-03 16:43:22.890,2025-07-03T16:43:22.490608,-4.6734819412231445,-10.244789123535156,3.3446998596191406,-1.018923282623291,-0.7904596328735352,-0.039095375686883926,1.6799999475479126,-8.09999942779541,-31.079999923706055
293,2025-07-03 16:43:22.998,2025-07-03T16:43:22.590257,-4.101267337799072,-11.21204662322998,3.1268274784088135,2.024407386779785,-0.9419541954994202,-0.43249258399009705,-1.9199999570846558,-0.9599999785423279,-30.35999870300293
294,2025-07-03 16:43:23.090,2025-07-03T16:43:22.690749,-2.099714994430542,-10.453084945678711,6.775590896606445,2.120924234390259,-0.7464773058891296,-0.1160643994808197,-5.099999904632568,4.679999828338623,-30.119998931884766
295,2025-07-03 16:43:23.191,2025-07-03T16:43:22.791024,-1.414973258972168,-6.301538944244385,6.866570472717285,1.6701055765151978,-0.3494149148464203,0.05497787147760391,-8.519999504089355,7.079999923706055,-29.279998779296875
296,2025-07-03 16:43:23.294,2025-07-03T16:43:22.890060,-0.8547300100326538,-4.424484729766846,7.762001991271973,2.3273966312408447,-0.20891591906547546,-0.16249015927314758,-11.039999961853027,5.159999847412109,-28.31999969482422
297,2025-07-03 16:43:23.396,2025-07-03T16:43:22.990412,-0.5841852426528931,-5.190629482269287,7.644686222076416,0.7000515460968018,-0.42149701714515686,-0.14294247329235077,-13.619999885559082,-1.8600000143051147,-26.760000228881836
298,2025-07-03 16:43:23.499,2025-07-03T16:43:23.090031,-0.17238251864910126,-4.084507942199707,8.702922821044922,0.5082398653030396,-0.29077184200286865,0.018325956538319588,-15.179999351501465,-8.09999942779541,-24.600000381469727
299,2025-07-03 16:43:23.595,2025-07-03T16:43:23.190676,0.22505496442317963,-2.1140801906585693,8.786720275878906,0.384845107793808,-0.0354301854968071,-0.24190263450145721,-15.839999198913574,-12.84000015258789,-23.03999900817871
300,2025-07-03 16:43:23.697,2025-07-03T16:43:23.292039,-0.5410895943641663,-4.443638324737549,7.826645374298096,-1.674992561340332,0.28955012559890747,-0.09285151958465576,-16.440000534057617,-16.31999969482422,-20.03999900817871
301,2025-07-03 16:43:23.796,2025-07-03T16:43:23.397916,-0.7445967197418213,-5.722142219543457,8.856152534484863,-0.0806342139840126,0.14294247329235077,-0.2541199326515198,-16.31999969482422,-17.279998779296875,-19.439998626708984
302,2025-07-03 16:43:23.904,2025-07-03T16:43:23.490604,0.49799394607543945,-4.972756862640381,8.446743965148926,0.8613200187683105,-0.29565876722335815,0.028099801391363144,-15.960000038146973,-18.059999465942383,-19.619998931884766
303,2025-07-03 16:43:24.005,2025-07-03T16:43:23.590095,0.6320692300796509,-4.383783340454102,8.200140953063965,0.4386012554168701,-0.07819075137376785,0.019547687843441963,-15.719999313354492,-18.0,-19.5
304,2025-07-03 16:43:24.096,2025-07-03T16:43:23.690249,0.35673606395721436,-3.9600095748901367,9.042900085449219,-0.6792821288108826,0.11484266817569733,0.0403171069920063,-14.34000015258789,-17.15999984741211,-19.5
305,2025-07-03 16:43:24.191,2025-07-03T16:43:23.790022,0.023942016065120697,-7.015010833740234,7.474697589874268,-0.2370157092809677,0.04153883829712868,-0.06352998316287994,-14.460000038146973,-17.69999885559082,-19.68000030517578
306,2025-07-03 16:43:24.290,2025-07-03T16:43:23.895621,-0.12210428714752197,-4.6255974769592285,8.370129585266113,2.58762526512146,-0.4789183437824249,0.06963863968849182,-14.9399995803833,-17.459999084472656,-19.19999885559082
307,2025-07-03 16:43:24.405,2025-07-03T16:43:23.991677,1.3527239561080933,-1.479616641998291,9.926360130310059,0.5424483418464661,-0.45692721009254456,-0.1417207419872284,-14.880000114440918,-18.899999618530273,-18.65999984741211
308,2025-07-03 16:43:24.490,2025-07-03T16:43:24.089697,1.4891934394836426,-1.1635819673538208,9.732429504394531,-0.34208452701568604,-0.19547687470912933,-0.06352998316287994,-15.359999656677246,-20.579999923706055,-17.399999618530273
309,2025-07-03 16:43:24.591,2025-07-03T16:43:24.189939,1.072602391242981,-1.9057846069335938,8.78193187713623,-1.5711454153060913,0.04764748737215996,-0.10873401165008545,-15.839999198913574,-22.31999969482422,-14.15999984741211
310,2025-07-03 16:43:24.690,2025-07-03T16:43:24.290449,1.01753568649292,-2.9328970909118652,6.931213855743408,-3.163060188293457,0.02076941914856434,-0.019547687843441963,-15.779999732971191,-24.119998931884766,-11.519999504089355
311,2025-07-03 16:43:24.790,2025-07-03T16:43:24.390076,0.42616790533065796,-7.003039836883545,5.078101634979248,-2.090380907058716,0.09896016865968704,-0.49357911944389343,-15.719999313354492,-24.299999237060547,-11.460000038146973
312,2025-07-03 16:43:24.891,2025-07-03T16:43:24.490055,2.6240451335906982,-11.23598861694336,4.829104900360107,-3.363424062728882,0.28588494658470154,-0.3738495409488678,-16.020000457763672,-21.18000030517578,-15.239999771118164
313,2025-07-03 16:43:24.990,2025-07-03T16:43:24.590073,1.53707754611969,-9.919178009033203,3.332728862762451,0.26633724570274353,-0.03420845419168472,0.5583308339118958,-14.819999694824219,-14.639999389648438,-20.579999923706055
314,2025-07-03 16:43:25.100,2025-07-03T16:43:24.690034,0.6823474764823914,-9.921571731567383,2.7916390895843506,2.660928964614868,-0.2638937830924988,0.18448130786418915,-13.859999656677246,-7.859999656677246,-24.959999084472656
315,2025-07-03 16:43:25.191,2025-07-03T16:43:24.790479,1.194706678390503,-5.96874475479126,4.654327869415283,3.417180299758911,-0.31642818450927734,-0.11239920556545258,-13.5,-3.419999837875366,-27.119998931884766
316,2025-07-03 16:43:25.292,2025-07-03T16:43:24.890391,3.1435868740081787,-4.290409564971924,7.838616371154785,2.652376890182495,-0.3836233615875244,0.0024434609804302454,-13.920000076293945,-4.199999809265137,-26.399999618530273
317,2025-07-03 16:43:25.399,2025-07-03T16:43:24.990429,1.9129672050476074,-3.6343982219696045,8.413225173950195,0.45326200127601624,-0.23335053026676178,-0.0806342139840126,-15.119999885559082,-9.239999771118164,-23.279998779296875
318,2025-07-03 16:43:25.490,2025-07-03T16:43:25.089836,1.6855180263519287,-4.2329487800598145,7.386112213134766,-1.5699236392974854,0.15760323405265808,0.07208210229873657,-15.960000038146973,-15.65999984741211,-19.19999885559082
319,2025-07-03 16:43:25.593,2025-07-03T16:43:25.189804,1.766920804977417,-3.8115692138671875,6.098031520843506,-1.578475832939148,0.2015855312347412,-0.021991148591041565,-16.31999969482422,-19.979999542236328,-16.260000228881836
320,2025-07-03 16:43:25.691,2025-07-03T16:43:25.289006,1.2713210582733154,-10.556035041809082,7.127538681030273,-2.774549961090088,0.4092797040939331,-0.2382374405860901,-16.440000534057617,-20.459999084472656,-15.960000038146973
321,2025-07-03 16:43:25.791,2025-07-03T16:43:25.389114,2.4420857429504395,-10.903194427490234,3.6798880100250244,-0.7232644557952881,-0.05864306539297104,0.0012217304902151227,-15.779999732971191,-15.839999198913574,-18.719999313354492
322,2025-07-03 16:43:25.891,2025-07-03T16:43:25.489739,1.4460978507995605,-11.456254959106445,3.179499864578247,0.9578366875648499,0.21624629199504852,0.21868975460529327,-14.9399995803833,-9.420000076293945,-22.5
323,2025-07-03 16:43:25.992,2025-07-03T16:43:25.589923,-0.20350714027881622,-5.841852188110352,4.766855716705322,7.501425266265869,0.6841690540313721,0.40194934606552124,-13.739999771118164,-3.299999952316284,-25.979999542236328
324,2025-07-03 16:43:26.090,2025-07-03T16:43:25.689871,-0.768538773059845,-3.93367338180542,4.28322696685791,3.855781316757202,-0.675616979598999,0.3677408695220947,-12.300000190734863,-3.179999828338623,-27.119998931884766
325,2025-07-03 16:43:26.190,2025-07-03T16:43:25.790162,2.540247917175293,-0.7637503147125244,9.428366661071777,0.8943067193031311,-0.33108896017074585,0.18570303916931152,-12.119999885559082,-8.579999923706055,-24.059999465942383
326,2025-07-03 16:43:26.290,2025-07-03T16:43:25.890073,1.0247182846069336,-2.782062292098999,8.528146743774414,-0.779464066028595,0.0403171069920063,-0.3335324227809906,-13.559999465942383,-15.960000038146973,-19.139999389648438
327,2025-07-03 16:43:26.390,2025-07-03T16:43:25.989028,1.625662922859192,-0.730231523513794,9.734824180603027,-3.640756845474243,0.051312681287527084,0.06352998316287994,-14.34000015258789,-23.760000228881836,-13.4399995803833
328,2025-07-03 16:43:26.494,2025-07-03T16:43:26.189115,1.7693150043487549,-11.384428977966309,0.272938996553421,-3.8374555110931396,0.042760565876960754,-0.4813618063926697,-14.880000114440918,-21.959999084472656,-14.15999984741211
329,2025-07-03 16:43:26.590,2025-07-03T16:43:26.189115,1.7693150043487549,-11.384428977966309,0.272938996553421,-3.8374555110931396,0.042760565876960754,-0.4813618063926697,-14.880000114440918,-21.959999084472656,-14.15999984741211
330,2025-07-03 16:43:26.690,2025-07-03T16:43:26.289908,2.1595699787139893,-12.15296745300293,0.37828385829925537,4.376238822937012,0.31642818450927734,0.1661553531885147,-13.319999694824219,-11.9399995803833,-19.260000228881836
331,2025-07-03 16:43:26.791,2025-07-03T16:43:26.390200,0.10055647045373917,-7.544129371643066,6.121973514556885,4.017049789428711,0.3078760802745819,0.8307767510414124,-12.420000076293945,-2.6399998664855957,-24.84000015258789
332,2025-07-03 16:43:26.890,2025-07-03T16:43:26.489693,-0.37828385829925537,-5.07570743560791,6.528987884521484,3.4819319248199463,-0.49846604466438293,0.44715335965156555,-11.460000038146973,1.8600000143051147,-27.719999313354492
333,2025-07-03 16:43:26.995,2025-07-03T16:43:26.590030,0.3878606855869293,-0.3280056416988373,8.274360656738281,2.2455406188964844,0.12461651116609573,-0.27000242471694946,-11.9399995803833,-2.6399998664855957,-25.5
334,2025-07-03 16:43:27.095,2025-07-03T16:43:26.689975,1.2018892765045166,-1.0965443849563599,10.81700325012207,-1.2021827697753906,0.04764748737215996,-0.32498031854629517,-13.199999809265137,-13.139999389648438,-21.0
335,2025-07-03 16:43:27.190,2025-07-03T16:43:26.790259,1.7860745191574097,0.3016694188117981,6.938396453857422,-6.449515342712402,-0.11239920556545258,-0.3543018400669098,-13.739999771118164,-22.079999923706055,-16.31999969482422
336,2025-07-03 16:43:27.291,2025-07-03T16:43:26.889867,1.2737152576446533,-8.458714485168457,0.33279404044151306,-8.409171104431152,0.05742133408784866,-0.039095375686883926,-14.219999313354492,-24.35999870300293,-14.460000038146973
337,2025-07-03 16:43:27.390,2025-07-03T16:43:26.889867,1.2737152576446533,-8.458714485168457,0.33279404044151306,-8.409171104431152,0.05742133408784866,-0.039095375686883926,-14.219999313354492,-24.35999870300293,-14.460000038146973
338,2025-07-03 16:43:27.490,2025-07-03T16:43:27.089914,-1.359906554222107,-8.506598472595215,4.568136692047119,4.159992218017578,-0.5607742667198181,0.38240164518356323,-10.979999542236328,-7.739999771118164,-22.739999771118164