Ax watch,Ay watch,Az watch,Gx watch,Gy watch,Gz watch,Ax esense,Ay esense,Az esense,Gx esense,Gy esense,Gz esense
-5.068524837,-10.42195988,5.669469833,-0.24678956,0.118507855,0.394618958,-6726,-5111,894,-853,1598,-1148
-5.212177277,-8.226476669,5.999869347,-1.646892667,-0.105068825,-0.449596822,-6587,-4437,985,679,-129,761
-4.326322556,0.349553436,8.916007042,-1.092227101,-0.138055548,0.383623362,-6857,-4616,1011,366,260,-160
-4.326322556,0.349553436,8.916007042,-1.092227101,-0.138055548,0.383623362,-6739,-4672,962,177,196,-302
-4.034229755,2.968810081,11.43231297,-2.039068222,-0.438601255,0.563217759,-7028,-4656,910,-74,163,239
-4.034229755,2.968810081,11.43231297,-2.039068222,-0.438601255,0.563217759,-6841,-4277,896,379,249,295
-4.797980309,2.987963676,7.522581577,4.607145786,-0.040317107,0.042760566,-6625,-4498,1252,309,18,-293
-3.531447411,0.158017308,10.76672459,-5.621181965,-0.219911486,0.593761027,-7013,-4713,1514,543,-190,307
-3.555389643,-6.143521786,5.623979568,-2.246762276,-0.155159771,0.663399637,-6968,-4694,1675,249,-328,318
-3.799597979,-2.384624958,10.3166151,-4.520402908,-0.029321533,0.036651913,-7029,-4673,1519,-94,510,468
-4.101267338,-2.875436306,6.373364925,0.769690216,0.273667634,-0.189368233,-7220,-4383,1648,36,-97,75
-3.481169224,4.141968727,9.83777523,2.976135492,-0.366519153,-0.494800836,-6896,-4247,1412,-306,42,-307
-2.8993783,-2.45405674,8.999804497,-2.465452194,0.343306273,0.087964594,-7191,-4227,1855,297,14,119
-3.883395195,-4.489128113,8.724471092,-0.807563841,0.097738437,0.36774087,-6879,-4274,1512,1,125,-163
-4.060565948,-4.101267338,6.727706909,2.153910875,-0.042760566,-0.124616511,-6870,-4249,1849,-60,-74,260
-4.797980309,-2.647987127,6.852205276,1.36100781,0.014660766,0.072082102,-6920,-4514,1885,-49,-229,-817
-3.49553442,-1.618480325,8.221688271,-1.606575608,0.351858377,0.29810223,-6569,-4740,1860,96,377,301
-2.434903145,-4.110844135,4.034229755,-2.20522356,0.96028018,0.054977871,-6991,-4502,1766,-104,-331,254
-4.644751072,-6.734889507,3.138798475,-2.262644768,0.586430609,0.238237441,-6936,-4571,1711,106,-215,-526
-4.359841347,-9.789890289,11.26950741,0.659734488,-0.255341679,-0.829554975,-6963,-4593,1920,-568,336,368
-6.438008308,-7.673416615,5.556941986,-0.309097826,0.2846632,-0.900415361,-7033,-4446,1761,-309,381,339
-1.987187386,-9.947908401,3.351882458,-0.841772318,-1.426981211,-0.041538838,-6607,-4581,1523,-644,376,-828
-1.845929503,-4.352658749,8.458714485,0.845437527,0.172263995,-0.02321288,-6480,-5365,1548,-535,799,-1628
-3.541024208,-6.689399719,6.847416878,0.25167647,-0.120951317,0.041538838,-6971,-5025,1504,253,-18,-236
-4.599261284,-3.287238836,6.849811077,0.598647952,0.625526011,1.740965962,-7232,-4954,2910,601,-1358,-989
-5.856217384,-0.984016895,5.7963624,0.372627795,0.723264456,1.584584475,-6532,-4333,2549,901,-1645,-2657
-7.328651428,0.471657723,6.172252178,0.218689755,0.546113551,1.271821499,-6302,-4785,2792,-435,-831,-1603
-7.065289021,2.664746523,5.702988625,0.511905074,0.260228604,0.362853944,-6328,-5425,2371,-1315,1135,541
-7.730877399,3.701435804,5.140350819,0.58276546,0.229685336,0.17715092,-7003,-4548,1936,645,293,517
-7.627926826,4.161122322,4.211400986,0.657290995,0.2003638,0.167377084,-7036,-4492,2012,499,178,-73
-7.769184589,4.058171749,4.237737179,0.580321968,0.216246292,0.163711891,-7035,-4691,2305,392,512,-113
-7.599195957,4.917690277,2.992752075,0.332310706,0.144164205,0.155159771,-6512,-5385,2044,-407,-449,-720
-7.39808321,4.922478676,2.932897091,0.230907068,0.090408057,0.113620937,-6288,-5425,1983,-168,40,-521
-7.405265808,5.317522049,2.657563925,0.041538838,-0.013439035,-0.018325957,-6191,-5704,2194,-21,-253,-752
-7.493851185,5.23611927,2.576161146,-0.114842668,-0.05375614,-0.083077677,-5586,-6192,2217,-336,2,-1872
-7.417236805,5.104437828,2.758120298,-0.120951317,-0.09285152,-0.075747289,-5362,-6115,2194,-366,-269,-1610
-7.570465565,5.133168221,3.42131424,-0.237015709,-0.172263995,-0.135612085,-5060,-6678,2191,-295,108,-954
-7.580042362,4.560954094,3.423708439,-0.125838235,-0.125838235,-0.136833817,-4857,-6557,2428,82,-117,-812
-7.515398979,4.302380562,3.900154591,-0.235793978,-0.155159771,-0.128281698,-4989,-6634,2286,97,-67,-18
-7.362170219,3.890577793,3.967192173,-0.376293004,-0.164933622,-0.119729586,-5125,-6778,2270,-354,-1,398
-7.481880188,3.711012602,4.472368717,-0.416610092,-0.180816114,-0.158824965,-5165,-6778,2255,-150,295,672
-7.682993412,3.919308186,4.697423935,-0.444709897,-0.160046697,-0.208915919,-5034,-6671,2187,-322,248,1126
-7.362170219,2.063801765,5.710171223,-0.695164621,-0.147829384,-0.166155353,-5928,-5800,1999,-349,346,970
-7.647080421,1.874659896,5.777208805,-0.597426236,-0.133168623,-0.117286131,-5827,-5952,1920,-151,-38,1079
-7.24724865,1.59693253,6.059724331,-0.058643065,0.025656341,0.037873644,-6978,-4574,2093,-580,36,737
-7.311892033,1.63763392,5.971138954,-0.047647487,0.028099801,0.003665192,-6646,-4923,1780,-485,-412,-768
-7.261613846,1.663970232,5.992686749,0.12339478,0.048869219,0.042760566,-6564,-4819,2090,-76,309,-49
-7.390900612,2.15478158,5.815515995,0.309097826,0.169820532,0.116064399,-7034,-4590,2174,-120,52,590
-7.405265808,2.537853718,5.401319027,0.478918344,0.163711891,0.089186326,-6973,-4539,2171,-266,-548,494
-7.76679039,3.315969467,4.86980629,0.324980319,0.184481308,0.070860371,-6795,-4692,1987,-92,-73,163
-7.817068577,3.895366192,4.429273129,0.309097826,0.160046697,0.13072516,-6829,-4618,1987,60,237,-119
-7.699752808,4.197035789,3.347094059,0.288328409,0.140499011,0.089186326,-6627,-4767,1917,128,134,-785
-7.623138428,4.472368717,3.143586874,0.166155353,0.079412483,0.063529983,-6763,-5132,1699,265,48,-864
-7.750030994,4.788403511,3.098097086,0.178372651,0.079412483,0.064751714,-6328,-5081,1759,125,24,-742
-7.726089001,4.98233366,2.985569477,0.142942473,0.024434609,0.014660766,-6480,-5265,2114,360,59,-410
-7.592013359,4.975151062,2.681505919,0.05375614,0.02687807,0.007330383,-6103,-5666,1964,-17,-299,-1320
-7.659051418,4.86741209,2.794033289,-0.035430185,-0.010995574,-0.00122173,-5733,-6268,2343,-39,32,-434
-7.673416615,5.164293289,2.602497339,0.032986723,0.021991149,0.020769419,-5642,-6103,2385,18,47,-243
-7.673416615,4.963180065,2.784456491,0.067195177,0.028099801,0.021991149,-5329,-6456,2424,5,92,-200
-7.773972988,5.147533417,2.67671752,0.043982297,0.025656341,-0.008552114,-5278,-6468,2412,-123,-122,115
-7.570465565,5.154716492,2.466027737,0.003665192,0.013439035,0,-5648,-6413,2197,51,43,-68
-7.546523571,4.860229492,2.643198729,-0.204028994,-0.087964594,-0.045204028,-5295,-6489,2259,47,123,-313
-7.189787865,4.57531929,2.698265314,-0.340862811,-0.158824965,-0.078190751,-5268,-6520,2296,40,-91,-344
-7.594407558,4.666299343,3.538630009,-0.378736466,-0.224798411,-0.128281698,-5499,-6498,2288,37,-100,-318
-7.10359621,4.42209053,3.94085598,-0.392175496,-0.194255143,-0.189368233,-5448,-6336,2220,59,-125,-308
-7.491456985,0.313640416,6.440402508,-2.35427475,-0.327423781,-0.700051546,-5423,-6292,2424,-170,-75,200
-7.496245384,-0.679953277,6.052541733,-2.056172371,-0.206472456,-0.553443909,-5404,-6450,2366,-397,-16,425
-6.665457726,-4.975151062,5.190629482,-2.411695957,-0.125838235,-0.86742866,-5262,-6514,1988,-774,357,1051
-7.455543995,-5.693411827,5.482721806,0.0842994,0.199142069,-0.245567828,-5586,-6239,2111,-188,513,1504
-6.512228489,-5.006275654,4.771644115,0.773355424,0.254119933,0.078190751,-6239,-5328,2050,-1035,383,1423
-6.265625954,-4.723760128,4.620809078,0.346971452,0.238237441,-0.024434609,-6428,-5447,1486,-1985,-230,951
-6.43082571,-4.769249916,4.996698856,0.453262001,0.194255143,-0.486248732,-6760,-5156,995,-2649,-1036,984
-6.533776283,-5.286397457,4.972756863,0.366519153,0.133168623,-0.465479314,-6826,-4611,1102,-1204,-609,1092
-6.047753334,-5.377377033,4.635174274,0.025656341,0.215024561,-0.411723167,-7224,-4065,1325,135,-402,261
-6.119579315,-6.110002518,4.584896088,-0.037873644,0.041538838,-0.296880513,-6884,-3974,1252,136,-781,-271
-5.956773758,-6.572083473,4.402936935,-0.083077677,0.003665192,-0.168598801,-6884,-4073,1609,-28,-168,629
-5.774814606,-6.641515732,4.67827034,-0.064751714,-0.064751714,-0.042760566,-7512,-4105,1250,1474,213,194
-5.394136429,-6.337451935,5.111620426,0.057421334,-0.122173049,-0.041538838,-7225,-4028,1509,1191,284,168
-5.334281445,-6.011840343,4.98233366,0.169820532,-0.094073251,-0.09285152,-7260,-4004,1895,1158,-70,559
-5.164293289,-6.452373505,4.730942726,-0.065973446,-0.035430185,-0.173485726,-7351,-3679,2172,990,-66,680
-4.558559895,-6.093243122,4.522646904,-0.554665625,-0.285884947,-0.302989155,-7383,-3399,2247,-4781,-3082,173
-4.558559895,-6.093243122,4.522646904,-0.554665625,-0.285884947,-0.302989155,-7203,-3960,2234,-4261,-1845,-304
-5.631162167,-7.625532627,6.35421133,1.018923283,0.12339478,1.021366715,-7334,-3468,1974,-1663,-366,-289
-5.767632008,-4.206612587,5.137956619,1.291369081,0.634078145,1.30480814,-7682,-3311,1774,-305,-15,-59
-6.842628479,-2.030282974,5.322310448,1.205847979,0.580321968,1.076344609,-7421,-3237,1780,-263,-78,-29
-8.015787125,2.063801765,4.616020679,0.478918344,0.086742863,0.260228604,-7114,-4159,1596,2517,1282,-37
-8.085219383,2.53067112,4.747702122,0.394618958,0.128281698,0.184481308,-7453,-3857,1454,3776,1754,-288
-8.046912193,3.08373189,3.675099611,0.416610092,0.207694188,0.140499011,-7106,-3811,1689,1382,841,-694
-8.116343498,3.327940464,3.660734415,0.449596822,0.241902635,0.116064399,-7295,-4404,1785,1286,813,-950
-8.185775757,3.799597979,3.246537447,0.296880513,0.157603234,0.02321288,-6894,-4443,1695,968,796,-712
-8.149862289,3.967192173,3.162740469,0.147829384,0.120951317,0.103847094,-6791,-4541,1879,526,430,-1265
-8.274360657,3.988739967,2.877830505,0.133168623,0.040317107,0.04642576,-6581,-4982,1854,-24,297,-1259
-8.121131897,3.926490784,2.681505919,0.05009095,0.102625363,0.05375614,-5868,-5693,2171,349,-406,-735
-8.142680168,3.948038578,2.707842112,0.040317107,0.04642576,0.019547688,-6174,-5628,2163,-3,54,-709
-8.118738174,4.024652958,2.655169725,0.008552114,0.05375614,0.065973446,-5865,-5928,1932,-22,-62,-727
-8.051700592,4.000710964,2.396595955,-0.048869219,-0.014660766,0.039095376,-5612,-6174,2032,124,1,-821
-7.862558365,4.01747036,2.698265314,-0.243124366,-0.109955743,-0.05375614,-5533,-6034,2313,54,20,-132
-7.821856976,3.758896589,2.8993783,-0.449596822,-0.193033412,-0.075747289,-5681,-6409,2369,116,19,-432
-7.864952564,3.560178041,3.452438831,-0.277332813,-0.224798411,-0.094073251,-5368,-6144,2391,-82,9,-592
-7.671022415,3.189076662,3.97676897,-0.797789991,-0.259006858,-0.356745303,-5395,-6311,2205,24,33,-610
-6.641515732,1.915361404,4.101267338,-1.74829638,-0.598647952,-0.636521578,-5079,-6381,2212,-285,80,-160
-6.83784008,-0.18435353,4.960785866,-1.615127683,-0.774577141,-1.056796908,-5040,-6684,2202,-369,-124,127
-6.414066315,-1.731007814,6.093243122,-1.036027431,-0.707381964,-1.436755061,-5029,-6703,2424,-130,84,-45
-6.713341713,-3.263296843,7.146692276,-1.492954612,-0.883311152,-1.660331726,-5247,-6393,2397,-155,84,264
-3.366247654,-7.086836815,6.299144745,-0.178372651,0.219911486,0.161268428,-6496,-5117,1691,-1006,-31,2631
-2.901772499,-6.694188118,5.832275391,-0.222354949,0.057421334,0.054977871,-6562,-4973,1265,-2367,-801,1299
-3.129221678,-7.055712223,5.913678169,-0.124616511,-0.018325957,-0.035430185,-6750,-4867,1355,-2428,-497,917
-3.246537447,-7.259219646,5.861005783,0.017104227,0.030543262,-0.010995574,-6995,-4490,1307,-1892,-353,877
-3.435679436,-6.828263283,5.638344765,-0.07696902,0.058643065,-0.056199603,-7248,-4154,1143,-265,-5,880
-3.222595453,-7.000645638,5.511452198,-0.037873644,-0.135612085,-0.1001819,-7060,-4102,641,-678,-203,259
-2.928108692,-7.352593422,5.717353821,-0.296880513,-0.245567828,-0.103847094,-7071,-3916,1074,-637,-843,-343
-2.71502471,-7.431602001,5.75805521,-0.02321288,-0.139277279,-0.073303826,-7053,-4115,988,-467,-751,-256
-3.643975019,-8.360552788,7.12993288,0.543670058,0.189368233,0.357967019,-7284,-4189,1339,-388,-1140,-541
-4.776432514,-6.344634533,7.249642849,1.232726097,0.968832254,1.441641927,-6889,-4072,1594,-882,97,-43
-5.188235283,-3.957615376,6.057330132,1.054353356,1.042136073,1.529606581,-7291,-4056,1544,-233,-105,-674
-5.68144083,-1.958456993,5.600037575,1.183856845,0.878424227,1.335351467,-6723,-4541,1562,22,90,-1523
-6.756437302,1.046266198,5.128379822,0.781907499,0.204028994,0.623082578,-7000,-4288,1053,-917,473,2050
-7.366958618,2.015917778,5.336675644,0.603534877,0.04642576,0.343306273,-6837,-4573,876,-1306,512,2053
-7.800309181,2.401384354,5.358223438,0.357967019,0.103847094,0.098960169,-6936,-4595,809,229,-776,-671
-7.795520782,2.643198729,5.233725071,0.467922777,0.205250725,0.108734012,-6316,-5166,1023,1592,-332,-602
-7.795520782,2.643198729,5.233725071,0.467922777,0.205250725,0.108734012,-6316,-5166,1023,1592,-332,-602
-7.965508938,3.617638826,4.089296341,0.507018149,0.169820532,0.145385921,-6551,-4968,1736,1948,990,-634
-7.965508938,3.617638826,4.089296341,0.507018149,0.169820532,0.145385921,-6551,-4968,1736,1948,990,-634
-7.635109425,3.907337189,3.256114244,0.199142069,0.080634214,0.041538838,-6728,-5195,2095,772,210,-532
-7.903259754,4.213795185,3.478775024,0.047647487,-0.009773844,0.021991149,-6470,-5453,2060,22,-74,-400
-7.893682957,4.448426723,2.990357876,0.031764992,0.040317107,0.007330383,-6123,-5653,1774,-75,-65,-841
-7.912836552,4.242525578,3.043030262,0.056199603,0.032986723,0.006108652,-5794,-5947,1925,367,-28,-850
-7.874529362,4.323928356,3.339911461,0.094073251,0.048869219,0.02687807,-5978,-5831,1980,262,101,-824
-7.757213593,4.369418144,3.15795207,0.052534413,0.014660766,-0.002443461,-5611,-6178,1993,115,102,-432
-7.809885979,4.496310711,3.002328873,0.029321533,0.035430185,0.004886922,-5537,-6235,1994,87,-63,72
-7.898471355,4.534617901,3.076549292,0.089186326,0.02687807,0.015882496,-5526,-6241,2012,0,107,13
-7.855375767,4.465186119,2.97599268,-0.036651913,-0.007330383,0,-5530,-6035,2032,-109,109,-268
-7.80509758,4.57531929,2.964021683,0.045204028,0.015882496,-0.030543262,-5324,-6470,2376,-296,74,30
-7.841010571,4.479551315,3.169923067,0.019547688,0.014660766,-0.013439035,-5348,-6431,2356,19,-84,78
-7.87931776,4.79079771,3.12203908,-0.040317107,-0.004886922,-0.008552114,-5368,-6468,2363,8,95,61
-7.776367188,4.520252705,3.105279684,0,0.037873644,-0.007330383,-5304,-6424,2376,-291,-281,-87
-7.759607792,4.553771496,3.035847664,-0.035430185,-0.00122173,-0.013439035,-5633,-6139,2345,69,31,-70
-7.666234016,4.299986362,3.153163671,-0.07696902,-0.063529983,-0.030543262,-5372,-6401,2353,73,32,-93
-7.381323814,3.988739967,3.184288263,-0.293215305,-0.133168623,-0.05375614,-5637,-6420,2374,74,39,80
-7.455543995,4.09408474,4.395754337,-0.5497787,-0.349414915,-0.182037845,-5357,-6451,2431,38,111,51
-6.528987885,1.101332784,4.623203278,-2.017076969,-0.511905074,-0.560774267,-5333,-6480,2190,71,-115,67
-5.379771233,-8.379706383,5.207388878,-1.615127683,-0.169820532,-1.765400529,-5666,-6064,2360,-566,285,1007
-6.435614109,-7.51300478,6.830657482,0.043982297,-0.1001819,-1.273043156,-5550,-6263,2043,-608,142,1471
-3.885789394,-6.773196697,5.015852451,0.029321533,0.166155353,-0.045204028,-6361,-5250,2061,-525,537,1563
-3.363853455,-7.647080421,5.207388878,0.019547688,-0.078190751,-0.266337246,-6566,-4576,2072,-2664,-1506,-391
-3.007117271,-7.240066051,5.178658485,-0.471587956,0.007330383,-0.417831838,-6503,-6732,455,-1037,-158,-190
-2.959233284,-7.975085735,5.336675644,-0.290771842,0.311541289,-0.343306273,-6115,-6229,758,1206,-1675,2200
-3.098097086,-8.662221909,4.398148537,0.103847094,0.555887401,-0.133168623,-5628,-5055,1621,2274,-1846,2548
-2.966415882,-8.178592682,3.634398222,0.329867244,0.252898216,-0.025656341,-6127,-5390,1753,117,170,-807
-2.901772499,-7.563282967,3.821146011,-0.009773844,-0.058643065,-0.064751714,-6132,-5451,1729,29,230,-802
-3.766079187,-8.461109161,5.152322292,-0.002443461,-0.128281698,0.108734012,-6309,-5135,1712,1117,889,3448
-4.34787035,-9.090784073,5.748478413,0.455705464,-0.073303826,0.658512712,-7164,-3944,1532,1387,2128,2507
-4.915296078,-8.020575523,6.047753334,1.104444385,0.145385921,1.260825872,-7718,-3656,1597,492,1356,1113
-4.838681698,-5.497087002,6.208165169,1.506393671,0.532674491,1.609019041,-7450,-3548,1389,-156,-10,-300
-5.099649429,-4.115632534,5.951985359,1.106887817,0.575435042,1.475850463,-7122,-3878,1339,-576,-24,-288
-5.743690014,-2.86107111,5.425261021,0.676838696,0.370184332,0.995710373,-7161,-3933,1326,-614,-110,94
-6.493074894,-1.570596337,5.865794182,0.453262001,0.204028994,0.647517145,-7506,-3865,1342,-129,34,-126
-7.740454197,0.169988319,5.954379559,0.794124842,0.252898216,0.461814135,-7130,-3725,1294,-5,-115,-205
-7.656657219,3.143586874,4.675876141,0.443488181,0.199142069,0.156381503,-6815,-4461,1519,210,-636,-897
-7.931990147,3.095702887,4.515464306,0.590095818,0.172263995,0.166155353,-6919,-4706,1882,-4,-135,-697
-7.54891777,3.093308687,4.046200752,0.376293004,0.160046697,0.125838235,-6958,-4556,1919,131,321,-296
-7.874529362,3.629609823,3.517082214,0.300545692,0.160046697,0.090408057,-6932,-4501,1873,178,141,40
-7.800309181,3.744531393,3.584120035,0.149051115,0.051312681,0.047647487,-7000,-4521,1480,636,245,-517
-8.030152321,3.945644379,3.543418407,0.10751228,0.063529983,0.013439035,-6559,-4901,1795,749,732,-232
-8.082824707,4.144362926,3.404554844,0.106290549,0.054977871,0.035430185,-6129,-5295,1912,27,-584,-1538
-7.965508938,4.254496574,3.045424461,0.079412483,0.080634214,0.039095376,-6053,-5330,1915,21,-588,-1230
-7.924807549,4.256890774,2.944868088,0.059864793,0.051312681,0.024434609,-6163,-5573,1749,346,-83,-815
-7.896077156,4.228160381,3.078943491,0.068416908,0.056199603,0.021991149,-5869,-5913,1790,286,124,-540
-7.84340477,4.304774761,2.961627483,0.035430185,0.025656341,-0.02321288,-5784,-5961,2073,-5,18,-315
-8.025363922,4.381389141,2.85867691,-0.031764992,0.004886922,-0.003665192,-5992,-5814,1969,105,-266,-437
-7.910442352,4.290409565,2.798821688,-0.002443461,-0.025656341,0.006108652,-5935,-5845,1972,73,-297,-401
-7.852981567,4.213795185,3.016694069,-0.034208454,-0.003665192,-0.002443461,-5727,-6056,2009,123,-85,-345
-8.037335396,4.304774761,2.647987127,-0.15393804,-0.004886922,-0.009773844,-5688,-6097,2304,57,83,24
-7.848193169,4.390965939,3.009511471,0.039095376,-0.019547688,0.00122173,-5713,-6097,2344,106,63,-169
-7.417236805,3.629609823,3.509899616,-0.393397212,-0.24678956,-0.122173049,-5665,-6126,2328,-281,-52,-33
-7.936778545,3.799597979,4.285621166,-0.547335267,-0.232128799,-0.204028994,-5658,-6102,2038,27,-111,-127
-7.867346764,3.579331636,4.192247391,-0.756251156,-0.168598801,-0.142942473,-5661,-6099,2304,60,-118,80
-6.737283707,2.52827692,3.981557369,-1.996307611,-0.411723167,-0.522900641,-5644,-6109,2029,-295,-112,7
-4.824316502,-7.69017601,5.717353821,0.196698606,-0.13072516,-0.09285152,-5868,-5898,2114,-284,76,1316
-4.201824188,-7.031770229,6.071695328,-0.173485726,0.004886922,0.065973446,-6055,-5023,1511,-2350,-611,515
-5.15950489,-4.680664539,7.335834026,2.227214575,0.366519153,1.078788042,-6464,-5698,1133,-2442,-371,-16
-5.655104637,-1.965639591,6.703764915,1.441641927,0.803898692,0.951728046,-6676,-5014,752,-370,124,1719
-6.205770969,-0.265756398,6.174646378,0.995710373,0.73181659,0.734260023,-7194,-4075,1048,1053,218,2451
-6.713341713,0.830788016,5.676652431,0.730594814,0.614530444,0.532674491,-7115,-3735,918,475,-309,1426
-7.479485989,2.372653961,5.176264286,0.419053555,0.194255143,0.158824965,-7440,-3866,1583,-288,-215,-267
-7.663839817,2.626439333,5.104437828,0.235793978,0.097738437,0.078190751,-7427,-3728,1433,587,268,78
-7.884106159,2.664746523,4.879383087,0.337197602,0.166155353,0.108734012,-7097,-3737,1427,837,199,-132
-7.91762495,3.998316765,4.024652958,0.389732033,0.145385921,0.083077677,-6829,-4257,1843,658,367,-443
-7.872135162,3.751713991,3.677493811,0.226020142,0.128281698,0.085521132,-7039,-4694,1839,436,637,-255
-7.886500359,4.175487995,3.287238836,0.134390354,0.04642576,0.043982297,-6625,-4983,1836,313,300,-674
-7.781155586,4.467580318,3.038241863,0.068416908,0.003665192,0.036651913,-6702,-5006,1900,262,114,-680
-7.891288757,4.292803764,3.203441858,0.036651913,0.015882496,0.020769419,-6375,-5052,1705,567,-244,-419
-7.850587368,4.596867085,3.002328873,0.048869219,0.031764992,0.003665192,-6413,-5292,2145,334,76,-1396
-7.884106159,4.505887508,3.071760893,0.02687807,0.025656341,0.020769419,-6117,-5342,2160,300,81,-1211
-7.802703381,4.57531929,2.961627483,0.010995574,0.034208454,0.002443461,-5631,-5866,1937,-327,39,-682
-7.783549786,4.709394932,3.114856482,-0.024434609,0.00122173,0.004886922,-5545,-6249,1940,-259,-110,-608
-7.927201748,4.742913723,2.880224705,0.02687807,-0.015882496,0.004886922,-5538,-6272,1952,93,75,97
-7.888894558,4.675876141,2.966415882,0.002443461,0.00122173,-0.007330383,-5594,-6185,2358,70,352,-1028
-7.673416615,4.548983097,2.952050686,-0.052534413,-0.024434609,-0.019547688,-5722,-6049,2306,-338,-92,-236
-7.673416615,4.548983097,2.952050686,-0.052534413,-0.024434609,-0.019547688,-5680,-6112,2308,-148,-108,-178
-7.280767441,3.991134167,3.301604033,-0.36774087,-0.197920337,-0.058643065,-5345,-6446,2017,55,-95,55
-7.541735172,4.141968727,4.326322556,-0.542448342,-0.245567828,-0.109955743,-5314,-6444,2047,-296,58,41
-5.61679697,-1.853112102,5.116408825,-2.453234911,-0.888198078,-1.368338108,-5353,-6459,2035,53,98,-114
-4.230554581,-9.255983353,6.924031258,-1.309695125,-0.381179899,-1.379333735,-5369,-6408,2160,-256,-74,583
-3.629609823,-9.325415611,5.669469833,-0.458148926,0.002443461,-0.654847562,-5695,-6055,2114,-372,-62,1146
-3.411737442,-7.922413349,5.571307182,-0.207694188,-0.012217305,-0.259006858,-5912,-5950,2131,-576,-7,924
-1.833958507,-8.152256966,5.248090267,-0.114842668,-0.230907068,0.014660766,-6183,-5604,1915,-1647,-447,1138
-1.802833915,-8.090007782,4.735731125,0.155159771,0.086742863,0.003665192,-6093,-5254,1636,-1818,-849,982
-1.874659896,-7.687781811,4.580107689,0.056199603,0.002443461,-0.111177474,-6291,-5031,1240,-1482,-406,1353
-1.726219416,-8.214506149,5.322310448,0.045204028,-0.183259577,-0.124616511,-6855,-4241,1193,45,298,2878
-1.537077546,-8.200140953,5.355829239,0.014660766,-0.215024561,-0.189368233,-7545,-3545,1371,-104,276,1159
-1.273715258,-7.92001915,4.994304657,0.020769419,-0.206472456,-0.215024561,-7368,-3548,1209,-690,-858,167
-1.213860273,-7.759607792,5.532999992,-0.254119933,-0.045204028,-0.248011291,-7474,-3939,1620,-911,-1589,144
-1.015141487,-8.374917984,4.953603268,-0.263893783,-0.019547688,-0.168598801,-7441,-3918,1523,-865,-692,-3
-0.356736064,-8.774748802,4.503493309,-0.216246292,-0.116064399,-0.063529983,-7487,-3689,1853,-587,55,-65
-0.476446152,-8.585607529,5.523423195,0.042760566,0.081855945,-0.112399206,-7310,-3500,1793,-404,13,-105
-1.503558636,-8.578424454,5.128379822,0.965167105,0.690277755,0.277332813,-7450,-3564,1517,-103,263,55
-2.248155355,-7.407660007,5.329493046,0.626747727,0.670730054,0.670730054,-7354,-3622,1413,-301,-29,294
-3.653551817,-5.68383503,6.363788128,-0.034208454,0.063529983,0.075747289,-7335,-3621,1662,-156,-101,88
-4.8291049,-6.54574728,7.723694801,0.05009095,0.008552114,0.108734012,-7319,-3464,1438,394,165,69
-5.628767967,-5.008669853,6.782773495,1.243721604,0.553443909,1.102000952,-7540,-3647,1390,1523,972,595
-5.310339451,-3.462015629,6.519411087,0.933402121,0.653625786,0.976162672,-7307,-3640,1222,2165,1101,1823
-5.286397457,-1.345541358,5.734113216,0.346971452,0.538783133,0.719599247,-7340,-3002,1269,2028,1051,2326
-6.481103897,-1.695094824,5.880159378,0.337197602,0.26145032,0.414166629,-7645,-2531,1537,1903,689,938
-7.163451672,-0.761356115,6.452373505,0.362853944,0.202807263,0.271224171,-7972,-2467,1604,1092,542,-62
-7.795520782,-0.076614454,6.459556103,0.409279704,0.229685336,0.315206468,-7634,-2552,1645,-123,-286,-332
-7.295132637,1.352723956,5.322310448,0.822224617,0.351858377,0.492357373,-7799,-2753,1250,-130,-19,-697
-7.711723804,2.671929121,4.891354084,0.326202035,0.167377084,0.218689755,-7050,-3821,1579,33,97,-951
-7.797914982,2.990357876,4.477157116,0.255341679,0.135612085,0.119729586,-7093,-3987,1566,-59,-84,-796
-7.855375767,3.019088268,4.343081951,0.34452799,0.156381503,0.116064399,-7049,-4034,1575,204,19,-619
-7.836222172,3.682282209,4.120420933,0.485027015,0.183259577,0.152716309,-7224,-4385,1441,816,9,-692
-7.838616371,4.043806553,3.742137194,0.301767439,0.124616511,0.072082102,-6908,-4444,1866,446,-306,-1397
-7.747636795,4.108449936,3.569754839,0.249233022,0.096516706,0.06963864,-6546,-4777,1787,124,10,-1510
-7.852981567,4.237737179,3.205836058,0.175929189,0.037873644,0.068416908,-6193,-5570,2070,-274,-92,-519
-7.800309181,4.520252705,3.34469986,0.021991149,0.032986723,0.040317107,-6207,-5621,2058,-85,-121,-576
-7.771578789,4.429273129,3.090914488,0.040317107,0.036651913,0.015882496,-5834,-5953,2116,-100,-258,-827
-7.860164165,4.30956316,2.956839085,0.12339478,0.06963864,0.037873644,-5972,-5832,1929,-91,50,-758
-7.747636795,4.508281708,2.873042107,0.034208454,-0.009773844,0.024434609,-5507,-6259,1956,102,36,-615
-7.860164165,4.412513733,2.920926094,-0.063529983,-0.002443461,-0.021991149,-5506,-6039,1962,-41,78,-388
-7.4363904,3.924096584,3.38061285,-0.48991394,-0.215024561,-0.087964594,-5299,-6478,2027,60,82,-235
-7.7284832,4.079719543,3.931279182,-0.525344133,-0.213802829,-0.160046697,-5448,-6524,2038,-367,-306,-318
-8.271966934,4.01747036,4.359841347,-0.581543684,-0.185703039,-0.215024561,-5421,-6369,2035,-309,41,31
-7.649474621,3.512293816,4.623203278,-0.585208893,-0.179594383,-0.213802829,-5471,-6354,2306,-100,126,-323
-5.319916248,-2.221819162,6.358999729,-2.707354784,-1.115439892,-1.886351824,-5412,-6353,2316,-297,-96,-61
-4.714183331,-6.038176537,5.887341976,-2.234544992,-1.126435518,-1.837482691,-5401,-6320,2047,-369,116,-2
-3.840299606,-9.186552048,7.941566944,-2.252871037,-1.131322384,-1.452637553,-5421,-6310,2020,-220,-117,131
-2.990357876,-10.10592556,7.647080421,-0.537561417,-0.529009283,-0.690277755,-5439,-6282,1933,-605,119,789
-2.207453966,-7.821856976,4.984727859,0.438601255,0.282219738,0.144164205,-5999,-5963,1943,-261,-76,1646
-2.106897593,-7.582436562,5.102043629,0.020769419,0.271224171,0.087964594,-6480,-5320,2121,-698,-373,681
-2.006340981,-7.438784599,5.322310448,-0.142942473,0.114842668,0.012217305,-6144,-5328,1767,-1369,-690,800
-2.252943754,-7.967903137,5.736507416,-0.142942473,-0.105068825,-0.068416908,-6260,-5347,1883,-1922,-1544,82
-2.094926596,-7.433996201,5.817910194,0.222354949,0.091629788,-0.12339478,-6488,-5897,1719,-2152,-1833,-288
-2.183511972,-7.754819393,5.497087002,0.080634214,0.175929189,-0.064751714,-6961,-4556,1741,-1168,-194,1460
-2.111685991,-7.582436562,5.260061264,0.146607652,0.183259577,-0.083077677,-6788,-4640,1888,-1321,-550,1067
-2.063801765,-7.821856976,5.444414616,-0.155159771,0.116064399,-0.135612085,-6833,-4627,1703,-669,-607,-113
-2.063801765,-7.824251175,5.401319027,0.146607652,0.061086524,-0.213802829,-6799,-4655,1748,35,-351,-275
-2.293645144,-7.400477409,5.35343504,0.00122173,0.098960169,-0.150272846,-7178,-4623,1933,198,-170,-78
-2.255337954,-7.95832634,5.228936672,-0.13072516,0.163711891,-0.039095376,-6903,-4014,2163,-367,78,414
-1.917755604,-7.984662533,4.393360138,-0.245567828,0.036651913,0.048869219,-6852,-4475,1436,514,365,352
-1.731007814,-8.228871346,4.786009312,-0.145385921,-0.185703039,-0.227241874,-7093,-4538,2000,2459,-384,-355
-1.802833915,-8.437167168,4.819528103,-0.160046697,-0.204028994,-0.224798411,-7184,-3678,2592,3166,358,1686
-1.740584612,-8.501810074,4.999093056,0.183259577,0.042760566,0.010995574,-7796,-3060,1731,-135,2124,2268
-1.829170108,-8.264783859,4.762067318,0.062308256,0.128281698,0.064751714,-8049,-2957,1517,848,1640,1376
-1.853112102,-8.259995461,4.587290287,0.057421334,0.019547688,0.1001819,-7559,-2781,1858,-790,-497,-623
-1.989581585,-8.482656479,4.551377296,0.020769419,-0.059864793,0.064751714,-7744,-3105,1703,-463,-500,-255
-2.592920542,-8.463502884,5.57848978,0.34452799,0.064751714,0.091629788,-7690,-2975,1769,-729,-164,-383
-4.307168961,-7.524975777,7.232883453,1.120326877,0.695164621,0.987158239,-7572,-3120,1699,-486,-101,440
-4.934449673,-6.263231754,6.418854713,1.273043156,1.059240341,1.563814998,-7680,-2784,1867,-483,338,-96
-5.679046631,-2.363077164,5.463568211,1.284038782,0.718377531,1.401324868,-7789,-3126,1667,-11,-127,-799
-6.505045891,-0.172382519,5.250484467,1.170417786,0.463035852,1.034805775,-7359,-3422,1777,329,188,-428
-6.964732647,0.945709646,5.269638062,1.164309144,0.311541289,0.725707889,-7352,-3248,1798,144,857,-543
-7.309497833,2.389413357,4.989516258,0.96028018,0.23335053,0.401949346,-7526,-3707,1276,617,1035,-820
-7.773972988,2.885013103,4.802768707,0.442266434,0.116064399,0.156381503,-7385,-3546,1345,1330,732,-807
-7.852981567,3.97916317,3.988739967,0.469144523,0.147829384,0.1001819,-7029,-4310,1906,1864,-319,-1882
-7.963114738,3.708618402,4.060565948,0.428827405,0.173485726,0.097738437,-6699,-4973,1962,1289,260,-1558
-7.910442352,4.039018154,3.557783842,0.469144523,0.173485726,0.078190751,-6709,-4738,1945,1389,563,-1314
-7.936778545,4.060565948,3.148375273,0.301767439,0.112399206,0.0842994,-6778,-4848,2022,467,560,-391
-7.855375767,4.390965939,2.794033289,0.068416908,0.041538838,0.047647487,-6124,-5310,2016,38,109,-500
-7.903259754,4.589684486,2.85867691,0.086742863,0.029321533,0.00122173,-6079,-5701,1924,283,262,-876
-7.862558365,4.57771349,2.916137695,0.032986723,0.042760566,-0.002443461,-5869,-5631,1941,117,121,-671
-7.867346764,4.726154327,2.894589901,0.098960169,0.020769419,0.056199603,-5810,-5955,2006,302,91,-826
-7.738059998,4.8291049,2.683900118,0.057421334,0.012217305,0.02687807,-5678,-6098,2354,118,38,-459
-7.680599213,4.505887508,2.829946518,-0.152716309,-0.051312681,-0.034208454,-5331,-6463,2376,-277,75,-349
-7.931990147,4.568136692,3.38300705,-0.406836241,-0.182037845,-0.109955743,-5321,-6479,2404,53,-86,-328
-5.379771233,-2.540247917,4.824316502,-2.171015024,-0.993266881,-1.94377315,-5114,-6376,2337,-276,76,113
-3.239354849,-8.056488991,7.278373241,-1.40743351,-1.425759435,-1.844812989,-5095,-6363,2332,-281,58,-127
-1.675941229,-8.269572258,6.358999729,-0.141720742,-0.411723167,-0.631634653,-5661,-6113,1932,-230,-81,1013
-1.297657371,-8.82263279,5.482721806,-0.38728857,0.111177474,-0.117286131,-6015,-5798,2012,-405,-101,1827
-1.07739079,-8.303091049,4.57771349,-0.486248732,0.152716309,0.241902635,-6082,-5249,1753,-2201,-485,2131
-0.74459672,-8.489839554,4.496310711,-0.183259577,-0.128281698,0.188146502,-6634,-5103,1146,-2753,-888,823
-0.663193882,-8.573636055,4.570530891,0.237015709,-0.108734012,-0.012217305,-6615,-4269,973,-433,-1149,731
-0.758961916,-8.374917984,5.185841084,0.240680903,0.12339478,-0.27488935,-7241,-4197,1335,-748,-233,1339
-0.749385118,-8.487444878,4.67827034,-0.036651913,0.166155353,-0.237015709,-7462,-3729,1290,-763,-326,1391
-0.562637389,-8.846575737,4.474762917,0.051312681,-0.003665192,0.012217305,-7058,-3731,1580,91,-518,-321
-0.562637389,-8.846575737,4.474762917,0.051312681,-0.003665192,0.012217305,-7137,-3723,1415,73,-248,-53
-0.368707061,-8.437167168,4.690241337,0.144164205,-0.078190751,0.020769419,-7472,-3511,1644,267,275,517
-0.368707061,-8.47786808,5.070919037,0.357967019,-0.047647487,-0.048869219,-7460,-3463,1629,-21,367,-110
-1.601720929,-7.841010571,7.931990147,0.463035852,0.280998021,0.514348507,-7515,-3463,1217,-244,292,264
-4.647145271,-3.397372246,5.133168221,0.406836241,0.938289046,0.752586007,-7548,-3699,1190,-261,267,-257
-6.210559368,-2.93529129,5.743690014,0.257785141,0.343306273,0.1001819,-7445,-3487,1376,14,177,-168
-6.615179062,-2.449268341,6.117185116,0.226020142,0.167377084,-0.002443461,-7092,-3894,979,-14,217,-259
-6.742072105,-3.043030262,6.246472359,-0.310319543,-0.002443461,-0.037873644,-7088,-3924,1107,397,206,30
-5.717353821,-3.371036053,5.142745018,-1.059240341,-0.453262001,-0.204028994,-7281,-4161,1148,951,575,-146
-5.348646641,-4.388571739,5.839457989,-1.780061364,-0.751364231,-0.513126791,-6896,-4005,972,1223,444,6
-6.234501362,-7.278373241,7.082048416,0.47036624,0.024434609,-0.085521132,-7286,-4155,1189,2557,985,922
-6.550535679,-6.040570736,6.495469093,1.380555511,0.430049121,0.422718763,-7103,-3762,1219,2545,1290,905
-6.543353081,-2.533065319,6.10042572,1.679879427,0.808785558,0.943175912,-7431,-3538,1802,-574,-374,-380
-6.701370716,-0.782903969,5.432443619,1.145983219,0.724486172,0.902858853,-7142,-3565,1470,-1032,-111,-784
-7.065289021,0.763750315,4.900930882,0.623082578,0.244346097,0.45692721,-7270,-4167,1265,-1901,2,-1109
-7.527369976,1.704671621,5.35104084,0.551000476,0.098960169,0.254119933,-7222,-4387,1283,-1642,-243,-253
-7.982268333,2.669534922,5.09725523,0.437379509,0.089186326,0.228463605,-7277,-4077,1293,1342,124,-329
-7.896077156,2.806004286,4.766855717,0.510683358,0.189368233,0.185703039,-7183,-4233,1527,1281,-214,-891
-8.054094315,3.543418407,3.988739967,0.370184332,0.149051115,0.085521132,-6722,-4814,1999,384,-116,-808
-7.92001915,4.371812344,3.148375273,0.042760566,0.002443461,0.012217305,-6294,-5418,1764,-213,75,-469
-7.977479935,4.141968727,3.189076662,0.051312681,0.025656341,0.008552114,-6502,-5253,1772,-357,-332,-148
-7.802703381,4.173093796,3.184288263,0.06963864,0.030543262,0.015882496,-6114,-5328,1778,113,-79,-427
-7.802703381,4.173093796,3.184288263,0.06963864,0.030543262,0.015882496,-6113,-5652,2089,315,56,-487
-7.903259754,4.213795185,3.045424461,0.083077677,0.021991149,0.013439035,-6221,-5532,1935,-123,-344,-413
-8.032546997,4.558559895,3.023876667,0.039095376,0.024434609,0.018325957,-6158,-5590,1947,-16,56,-592
-8.032546997,4.558559895,3.023876667,0.039095376,0.024434609,0.018325957,-5798,-5960,1948,53,99,-216
-7.91762495,4.551377296,2.825158119,0.058643065,0.032986723,0.018325957,-6014,-5778,1999,95,-125,3
-7.91762495,4.369418144,2.839523315,0.021991149,0.030543262,-0.007330383,-5968,-5795,2312,-279,71,114
-7.898471355,4.601655483,2.7533319,-0.004886922,0.013439035,-0.003665192,-5631,-6152,2362,37,-118,-338
-7.872135162,4.642356873,2.590526342,0.063529983,0.020769419,-0.019547688,-5554,-6251,2341,52,-111,-148
-7.872135162,4.642356873,2.590526342,0.063529983,0.020769419,-0.019547688,-5509,-6055,2344,30,124,-163
-7.69257021,4.57531929,2.624045134,-0.090408057,-0.05009095,-0.019547688,-5701,-6105,2330,-311,38,58
-7.752425194,4.192247391,2.82036972,-0.195476875,-0.096516706,-0.047647487,-5667,-6402,2349,-315,77,-115
-7.54891777,4.285621166,3.110068083,-0.226020142,-0.145385921,-0.097738437,-5678,-6119,2343,60,-52,58
-7.709329605,3.823540211,3.471592426,-0.415388376,-0.193033412,-0.134390354,-5666,-6116,2357,47,-117,-266
-8.006210327,3.433285236,5.130774021,-1.163087368,-0.232128799,-0.239459172,-5364,-6401,2330,-316,-101,79
-6.833051682,0.955286503,5.054159641,-2.477669477,-0.414166629,-0.485027015,-5734,-6043,2035,-206,-79,405
-5.006275654,-2.408566952,3.411737442,-2.80142808,-0.690277755,-1.028697014,-5505,-6199,1978,-223,-10,674
-5.999869347,-5.887341976,5.463568211,-2.2186625,-0.235793978,-1.611462474,-5950,-5837,2171,-248,-52,1105
-6.409277916,-7.316680431,6.524199486,-0.849102676,-0.054977871,-1.413542151,-5808,-5926,2163,-584,-74,997
-5.121197224,-6.87614727,5.183446884,0.190589949,0.202807263,-0.103847094,-6350,-5080,1906,-763,-202,999
-5.137956619,-6.833051682,5.530605793,0.442266434,0.256563395,0.108734012,-6743,-5180,1684,-923,-255,491
-6.172252178,-5.310339451,6.524199486,1.275486588,0.350636661,0.842994034,-6337,-5417,1138,-2604,-104,-67
-6.438008308,-3.991134167,6.311115742,1.580919266,0.588874102,1.06290555,-6613,-5014,1108,-830,114,1887
-6.440402508,-2.166752577,5.736507416,1.815491557,0.752586007,1.038470864,-7035,-4736,989,712,-103,1169
-6.7636199,-0.093373865,5.805939198,1.488067746,0.678060412,0.917519569,-6843,-4353,1345,1041,164,330
-7.556100368,2.683900118,4.67827034,0.590095818,0.166155353,0.221133217,-6821,-4686,1404,277,-779,-94
-7.975085735,2.940079689,4.647145271,0.445931643,0.140499011,0.086742863,-6647,-4496,1673,1163,468,-213
-8.015787125,3.754108191,3.895366192,0.393397212,0.172263995,0.12339478,-6576,-4970,1771,745,421,-853
-7.874529362,4.213795185,3.105279684,0.279776275,0.167377084,0.087964594,-6699,-5185,1724,354,520,-404
-7.905653954,4.338293552,2.643198729,0.057421334,0.042760566,0.032986723,-6471,-5485,1910,270,-90,-407
-7.876923561,4.398148537,2.604891539,0.018325957,0.02687807,0.034208454,-6103,-5338,1666,-73,-279,-875
-8.051700592,4.604049683,2.281674147,0.018325957,0.02321288,-0.002443461,-6168,-5591,1779,-110,-339,-1317
-8.058882713,4.5370121,2.597708941,0.009773844,-0.008552114,0.003665192,-5594,-6164,1930,40,5,-408
-8.06127739,4.747702122,2.554613113,-0.003665192,0.006108652,-0.031764992,-5710,-6049,2171,-108,-105,-382
-7.785943985,4.469974518,2.41335535,-0.040317107,-0.013439035,-0.037873644,-5639,-6123,1973,116,76,-298
-7.563282967,4.144362926,2.911349297,-0.245567828,-0.161268428,-0.074525557,-5635,-6124,2029,93,120,-268
-7.410054207,4.189853191,3.371036053,-0.472809702,-0.273667634,-0.111177474,-5347,-6440,2031,-284,99,-261
-7.058106422,1.393425345,4.659116745,-2.087937355,-0.355523586,-0.514348507,-5328,-6433,2014,-262,118,-112
-5.358223438,-9.380482674,6.256049156,-0.568104684,-0.215024561,-1.269377947,-5693,-6026,2135,-545,86,747
-4.38378334,-8.374917984,6.117185116,0.180816114,-0.042760566,-0.507018149,-5919,-6160,2100,-158,269,1010
-3.043030262,-7.819462776,3.969586372,0.18692477,0.18692477,-0.213802829,-6520,-5410,1843,-1895,-568,482
-3.110068083,-8.341399193,4.572925091,0.311541289,-0.063529983,-0.169820532,-6311,-5075,1177,-2417,-1372,-306
-2.762908697,-8.101978302,5.374982834,-0.067195177,-0.029321533,-0.152716309,-6922,-4550,1521,-430,-1614,852
-2.616862535,-7.740454197,5.032611847,0.289550126,0.064751714,-0.063529983,-6925,-4536,1758,-781,-1328,-177
-2.549824715,-7.661445618,5.231330872,-0.05009095,-0.028099801,-0.030543262,-6532,-4815,2129,-421,-235,-191
-2.506729126,-7.773972988,5.724536419,0.205250725,0.256563395,-0.061086524,-6969,-4524,2135,260,-61,-51
-3.15795207,-7.721300602,6.409277916,0.175929189,0.366519153,0.062308256,-6974,-4529,2133,-38,-47,-88
-3.830722809,-7.838616371,6.258443356,0.597426236,0.357967019,0.555887401,-6980,-4571,2160,71,264,-41
-4.647145271,-7.381323814,5.501875401,1.055575132,0.586430609,1.065348983,-7011,-4497,2149,69,341,296
-5.576095581,-2.051830769,5.781997204,-0.310319543,0.411723167,0.113620937,-7034,-4690,1915,-634,609,-36
-6.50744009,-3.38061285,5.442020416,-0.134390354,-0.101403631,-0.063529983,-7007,-4712,1265,1074,827,637
-7.527369976,-4.074931145,5.940014362,-0.118507855,-0.234572262,-0.118507855,-7004,-4621,1207,2032,1198,842
-7.673416615,-3.591302633,6.272808552,0.438601255,0.018325957,0.166155353,-6909,-4468,1204,2286,1653,471
-7.603984833,-3.366247654,5.937620163,0.509461641,0.217468023,0.38728857,-7218,-4395,1562,2046,988,338
-7.845798969,-2.849100113,5.789179802,0.560774267,0.227241874,0.571769893,-7205,-4024,1459,1328,183,-287
-7.290344238,-1.204283476,5.264849663,0.873537302,0.32131511,0.673173487,-7169,-4371,1869,-133,-314,-265
-8.370129585,1.74776721,4.75488472,0.290771842,0.063529983,0.180816114,-7100,-3970,1650,-23,-115,-535
-8.209717751,2.176329374,4.38378334,0.448375076,0.067195177,0.199142069,-7006,-4732,1823,1332,-264,-876
-8.097189903,2.403778553,4.400542736,0.370184332,0.0842994,0.175929189,-6950,-4595,1778,1622,-347,-863
-8.236053467,3.131615877,3.892971992,0.178372651,0.091629788,0.114842668,-6944,-4678,2240,2070,625,124
-8.236053467,3.390189648,3.840299606,0.316428185,0.122173049,0.149051115,-6807,-4639,2618,824,191,102
-8.135497093,3.569754839,3.801992416,0.382401645,0.163711891,0.191811681,-7036,-4532,2647,-59,-3,-361
-7.924807549,4.12999773,3.069366693,0.436157793,0.142942473,0.147829384,-6943,-4992,2607,165,262,-386
-7.864952564,3.842693806,3.205836058,0.351858377,0.10751228,0.065973446,-6761,-4795,2629,194,-51,-564
-7.936778545,4.426878929,2.841917515,0.160046697,0.017104227,0.061086524,-6382,-5068,2627,-303,522,-1737
-7.943961143,4.429273129,2.420537949,0.095294975,0.04642576,0.056199603,-6509,-5483,2583,-520,357,-1869
-7.910442352,4.596867085,2.401384354,0.056199603,0.041538838,0.02687807,-6197,-5588,2254,-466,-184,-906
-7.99663353,4.666299343,2.537853718,0.031764992,0.040317107,0.048869219,-5951,-5782,2255,-323,-370,-445
-7.905653954,4.630385876,2.480392933,0.037873644,0.020769419,0.031764992,-5911,-5885,2236,87,-71,-241
-7.857769966,4.572925091,2.375048161,0.05009095,0.012217305,0.006108652,-5560,-6213,2228,89,-128,-254
-8.0229702,4.695029736,2.45405674,0.10751228,-0.002443461,0.032986723,-5708,-6054,2243,77,-293,-198
-7.790732384,4.783615112,2.281674147,-0.013439035,0.015882496,0.012217305,-5647,-6134,2261,-300,-262,-160
-7.721300602,4.647145271,2.274491549,-0.051312681,-0.006108652,-0.018325957,-5339,-6437,2562,18,-337,-137
-7.527369976,4.242525578,2.470816135,-0.179594383,-0.07696902,-0.037873644,-5315,-6471,2599,-268,-319,-359
-7.819462776,4.520252705,2.920926094,-0.327423781,-0.147829384,-0.150272846,-5284,-6458,2611,-260,-97,75
-6.320692539,2.633621931,3.586514235,-1.85092175,-0.608421803,-0.533896208,-5253,-6310,2257,3,122,-279
-5.38934803,-0.270544797,4.137180328,-2.432465315,-1.034805775,-1.0995574,-5443,-6311,2294,-259,77,-277
-5.305551052,-3.660734415,6.205770969,-2.866179705,-1.200961113,-1.627344966,-5426,-6317,2302,-369,114,112
-5.262455463,-7.242460251,7.841010571,-2.935818434,-1.098335743,-2.190562725,-5407,-6328,2282,-563,65,284
-3.253720045,-6.670246124,6.598419666,1.466076612,0.318871647,-0.282219738,-5429,-6347,2214,-563,-120,534
-3.004723072,-6.495469093,6.339846134,1.021366715,0.544891775,-0.091629788,-5878,-5611,2311,-814,71,1978
-2.7533319,-6.919242859,6.366182327,-0.893085003,0.180816114,0.015882496,-6407,-5293,1805,-2547,-749,235
-2.79163909,-7.005434036,6.210559368,-1.117883444,-0.112399206,0.194255143,-6302,-5299,1619,-1758,-421,533
-2.686294317,-7.448361397,6.112396717,-0.844215751,-0.500909507,0.285884947,-6546,-4969,1552,-398,114,2572
-2.662352324,-7.61356163,5.920860767,-0.201585531,-0.660956204,0.23335053,-6837,-4386,1465,-339,261,4081
-2.341529369,-7.084442616,5.702988625,0.085521132,-0.259006858,0.262672067,-7810,-2680,1623,-1040,191,2907
-2.348711967,-7.058106422,5.861005783,-0.131946892,-0.037873644,0.228463605,-7848,-2388,1387,-1609,282,1057
-2.741360903,-6.883329868,5.535394192,-0.353080124,0.086742863,0.078190751,-8064,-2388,1362,-1643,258,770
-2.533065319,-7.448361397,5.413290024,-0.245567828,0.05009095,-0.078190751,-7599,-2497,904,-243,140,-1083
-2.839523315,-8.204929352,4.661510944,-0.371406078,0.064751714,-0.064751714,-7097,-3533,385,-771,349,-968
-4.520252705,-8.705317497,6.040570736,0.70860368,0.2003638,0.823446333,-6979,-4239,1226,223,-796,-361
-5.456385612,-7.903259754,6.215347767,1.329242826,0.450818539,1.518610954,-6932,-4280,1582,325,-139,42
-5.348646641,-2.607285738,5.173870087,1.750739813,0.896750152,1.27793014,-6899,-4442,1246,-245,333,379
-8.176198959,-0.651222885,6.021417141,0.682947338,0.021991149,0.079412483,-6811,-4285,1307,320,342,62
-8.0229702,1.355118155,5.207388878,0.886976361,0.306654364,0.372627795,-7001,-4493,1433,1800,76,-13
-7.893682957,1.659181833,4.721365929,0.63896507,0.228463605,0.322536856,-6916,-4720,1859,2260,156,461
-8.176198959,2.832340717,4.560954094,0.2846632,0.169820532,0.157603234,-7079,-4219,2079,2170,1316,-71
-7.934384346,3.41892004,3.349488258,0.334754169,0.150272846,0.129503429,-6912,-4240,2148,595,-118,-515
-8.188169479,3.586514235,3.136404276,0.167377084,0.101403631,0.090408057,-7177,-4259,2163,255,475,-114
-8.200140953,4.13239193,2.705447912,0.193033412,0.094073251,0.091629788,-6955,-4878,2119,-214,-110,-663
-8.030152321,4.302380562,2.262520552,0.183259577,0.051312681,0.090408057,-6711,-5210,2070,102,-85,-682
-8.058882713,4.592078686,2.30801034,0.042760566,0.008552114,-0.003665192,-6518,-5396,2120,353,-101,-500
-8.133103371,4.668693542,2.363077164,0.078190751,0.045204028,0.008552114,-6498,-5485,2148,-87,107,-476
-7.979874134,4.79319191,1.867477298,0.080634214,0.025656341,0.034208454,-5792,-5986,2004,70,-114,-892
-7.979874134,4.79319191,1.867477298,0.080634214,0.025656341,0.034208454,-5613,-5878,2009,76,-306,-393
-7.970297337,4.762067318,1.886630893,0.042760566,0.031764992,0.013439035,-5617,-5882,2018,78,-259,-601
-7.943961143,4.778826714,1.843535304,-0.013439035,0.014660766,-0.002443461,-5564,-6225,1991,1,125,-374
-8.025363922,4.879383087,1.89620769,-0.003665192,-0.003665192,-0.003665192,-5712,-6051,2308,-27,38,-550
-7.984662533,4.98233366,1.855506301,0.018325957,-0.009773844,-0.017104227,-5489,-6278,2364,-257,75,-285
-8.051700592,4.936843872,1.936909199,-0.017104227,-0.018325957,0.006108652,-5484,-6291,2378,9,78,-282
-7.946355343,4.951209068,1.977610588,-0.00122173,0.004886922,-0.010995574,-5404,-6335,2421,61,125,-359
-7.946355343,4.951209068,1.977610588,-0.00122173,0.004886922,-0.010995574,-5404,-6335,2421,61,125,-359
-7.929595947,5.063736439,1.910573006,0.030543262,0.010995574,0.012217305,-5402,-6365,2415,-169,-56,125
-7.946355343,5.008669853,1.89860189,-0.004886922,-0.006108652,-0.008552114,-5429,-6343,2372,-61,34,268
-8.006210327,5.09725523,2.111685991,-0.020769419,0.007330383,-0.02321288,-5252,-6509,2355,36,-113,-110
-8.006210327,5.09725523,2.111685991,-0.020769419,0.007330383,-0.02321288,-5252,-6509,2355,36,-113,-110
-7.92001915,4.994304657,1.82198751,0.014660766,0.019547688,-0.006108652,-5445,-6328,2356,10,-78,10
-7.797914982,4.896142483,1.771709204,0,0.024434609,-0.003665192,-5445,-6345,2361,88,-74,16
-8.015787125,5.087678432,1.872265697,0.013439035,-0.017104227,-0.006108652,-5383,-6335,2364,49,126,68
-7.896077156,4.879383087,1.903390408,0.002443461,0.00122173,0.012217305,-5384,-6311,2376,99,-106,51
-8.070854187,4.991910458,1.795651317,0.010995574,-0.004886922,0.024434609,-5096,-6369,2361,-283,-118,4
-7.759607792,4.874594688,1.795651317,-0.008552114,0.019547688,0.015882496,-5076,-6683,2363,52,-45,43
-7.891288757,5.056553841,1.766920805,0.003665192,-0.006108652,0.006108652,-5065,-6693,2347,-314,95,80
-7.975085735,5.257667065,1.867477298,0.002443461,-0.002443461,0.012217305,-5052,-6673,2324,42,-128,105
-7.936778545,5.171475887,1.865083098,-0.008552114,0,0.020769419,-5057,-6697,2329,-286,68,9
-7.931990147,5.183446884,1.848323703,0.010995574,0.002443461,-0.009773844,-5008,-6727,2351,45,-67,-337
-7.87931776,5.145139217,1.829170108,0.004886922,0.00122173,-0.029321533,-5176,-6558,2352,-262,20,65
-7.860164165,5.030217648,1.814804912,-0.007330383,0.007330383,-0.021991149,-5199,-6552,2309,-382,-98,38
-7.876923561,5.118803024,1.778891921,0.014660766,-0.004886922,-0.024434609,-5170,-6553,2006,33,-113,102
-7.671022415,4.702212334,1.9321208,-0.118507855,-0.10751228,-0.056199603,-5141,-6541,2020,31,-109,104
-7.682993412,4.477157116,2.406172752,-0.34452799,-0.145385921,-0.158824965,-5188,-6531,2023,49,117,-86
-6.854599476,3.97676897,3.414131641,-1.133765936,-0.486248732,-0.398284137,-5176,-6749,2343,-295,-74,128
-5.937620163,1.213860273,3.955221176,-1.73852253,-0.808785558,-0.800233483,-5001,-6687,2313,-159,-20,581
-5.679046631,-1.254561663,4.5394063,-2.349387646,-1.022588372,-1.259604096,-5062,-6689,1980,-249,282,506
-6.452373505,-6.603208065,8.020575523,-2.227214575,-0.636521578,-2.250427485,-5489,-6484,2175,-538,361,1034
-2.475604534,-7.797914982,4.809951305,-0.191811681,0.072082102,-0.166155353,-5924,-5805,917,-1468,336,-2047
-2.372653961,-8.140285492,5.054159641,0.078190751,-0.043982297,-0.062308256,-6046,-5807,1124,-393,22,398
-2.420537949,-8.068459511,5.054159641,-0.067195177,-0.054977871,-0.041538838,-6036,-5441,1327,-368,-797,2200
-2.080561161,-8.097189903,4.726154327,-0.052534413,-0.030543262,0.010995574,-6970,-4234,1233,-271,-592,551
-2.087743998,-8.109161377,4.817133904,-0.054977871,-0.0842994,0.008552114,-6994,-4476,1599,-47,-289,45
-2.013523579,-8.257601738,4.855441093,0.021991149,-0.09285152,-0.015882496,-7174,-4416,1583,-57,-127,166
-1.982398987,-8.070854187,4.910507679,-0.042760566,-0.021991149,-0.083077677,-6906,-4377,1544,-270,-110,-49
-1.862688899,-8.255207062,4.891354084,0.009773844,0.013439035,-0.078190751,-6870,-4473,1542,-307,-69,-39
-1.905784607,-8.197746277,4.821922302,0.003665192,0.014660766,-0.086742863,-6877,-4455,1260,-279,-61,-87
-1.82198751,-8.245630264,4.941632271,0.012217305,-0.052534413,-0.086742863,-6819,-4334,1633,19,44,102
-1.556231141,-8.322244644,4.675876141,0.019547688,-0.318871647,0.014660766,-6887,-4415,1650,55,-96,353
-1.247379065,-8.406042099,4.8291049,-0.081855945,-0.351858377,0.155159771,-7218,-4373,1637,-170,-108,533
-0.957680702,-8.173804283,5.348646641,0.017104227,-0.06963864,0.002443461,-7213,-4053,1419,-279,111,-48
-0.969651699,-8.176198959,5.257667065,0.063529983,0.083077677,-0.10751228,-7193,-4018,1639,108,330,-385
-1.175553083,-8.152256966,5.523423195,0.182037845,0.207694188,-0.152716309,-6815,-4247,1578,-438,-345,-203
-1.407790542,-8.037335396,5.98550415,0.323758572,0.302989155,-0.156381503,-6970,-4630,1209,-495,279,-432
-1.776497602,-8.228871346,6.349422932,0.500909507,0.334754169,0.074525557,-6941,-4492,1404,-462,142,-197
-2.26730895,-7.287950039,6.050147533,0.817337692,0.538783133,0.603534877,-6951,-4674,1303,-360,-71,-43
-2.827552319,-6.603208065,5.935225964,0.707381964,0.509461641,0.669508338,-7009,-4657,1287,-167,-100,-7
-4.295197964,-6.066906929,6.39251852,0.932180345,0.570548117,0.614530444,-7009,-4611,994,-363,-18,-36
-6.222530365,-1.043871999,6.397306919,0.158824965,0.384845108,0.229685336,-6947,-4728,951,-40,291,-271
-7.532158375,-0.397437483,7.010222435,0.124616511,0.109955743,0.27488935,-6621,-4511,927,288,351,-304
-7.65426302,-0.280121595,6.885724068,0.414166629,0.163711891,0.498466045,-6582,-4554,930,318,-3,-350
-7.338228226,0.574608386,6.145915985,0.663399637,0.415388376,0.65240407,-6570,-4765,909,628,-99,-27
-7.187393665,1.398213744,5.31512785,0.718377531,0.557109118,0.60597831,-6575,-4948,977,1663,600,912
-7.376535416,2.588132143,4.762067318,0.475253165,0.193033412,0.237015709,-7261,-4215,1448,2426,736,1046
-7.872135162,3.42131424,4.604049683,0.249233022,0.163711891,0.108734012,-7278,-4150,1485,-556,113,-64
-7.833827972,3.892971992,4.113238335,0.42394048,0.173485726,0.125838235,-6886,-4246,1658,196,-91,-332
-7.738059998,3.823540211,3.610456228,0.280998021,0.128281698,0.149051115,-6866,-4235,1418,459,529,-443
-7.752425194,4.230554581,3.385401249,0.305432618,0.13072516,0.091629788,-6909,-4308,1427,887,384,-870
-7.716512203,4.412513733,3.241749048,0.224798411,0.120951317,0.039095376,-6793,-4704,1474,737,547,-977
-7.790732384,4.740519524,2.760514498,0.043982297,0.041538838,0.017104227,-6219,-5510,1696,-339,-183,-1312
-7.872135162,4.860229492,2.873042107,0.1001819,0.012217305,0.014660766,-5866,-5627,1713,-49,-117,-1146
-7.838616371,4.781220913,2.693476915,0.094073251,0.034208454,0.020769419,-5831,-5942,1724,-9,96,-454
-7.762001991,4.764461517,2.67432332,0.04642576,0.040317107,0,-5797,-5788,2067,90,-196,-159
-7.884106159,4.86980629,2.576161146,0.073303826,0.025656341,0.017104227,-5947,-5786,2139,-74,-314,-154
-7.793126583,4.8291049,2.559401512,0.052534413,0.030543262,0.020769419,-5897,-5853,1928,101,-262,-336
-7.855375767,4.989516258,2.382230759,0.015882496,0.003665192,-0.004886922,-5617,-6255,1988,-271,-522,-341
-7.831433773,4.90571928,2.545036316,-0.004886922,0.013439035,-0.003665192,-5583,-6181,2038,-321,-263,126
-7.891288757,4.932055473,2.547430515,-0.010995574,-0.00122173,0.003665192,-5572,-6237,2042,2,-62,-151
-7.730877399,4.771644115,2.640804529,-0.013439035,-0.014660766,-0.02321288,-5551,-6261,2030,29,102,-170
-7.893682957,4.977545261,2.422932148,-0.025656341,0,-0.02687807,-5757,-6037,2351,63,102,-313
-7.764396191,4.970362663,2.523488522,0.012217305,0.002443461,-0.003665192,-5698,-6045,2352,92,-109,-328
-7.764396191,4.972756863,2.571372509,0.030543262,0.008552114,0,-5697,-6137,2345,52,-121,-130
-7.752425194,4.824316502,2.540247917,-0.004886922,0.017104227,-0.012217305,-5682,-6133,2043,-284,-87,89
-7.745242596,5.066130638,2.391807556,-0.002443461,0.007330383,-0.003665192,-5655,-6139,2031,7,-46,-127
-7.687781811,4.94402647,2.401384354,-0.018325957,-0.002443461,0.00122173,-5374,-6403,2023,-274,-82,93
-7.735665798,4.94402647,2.499546528,-0.058643065,-0.037873644,-0.02687807,-5373,-6402,2003,6,-98,98
-7.855375767,4.886565685,2.604891539,-0.058643065,-0.05009095,-0.019547688,-5374,-6418,1986,20,-69,52
-7.534552574,4.448426723,2.798821688,-0.272445887,-0.114842668,-0.064751714,-5361,-6135,2020,-259,126,-92
-7.489062786,3.734954596,3.593696833,-0.612086952,-0.250454754,-0.085521132,-5358,-6452,2029,19,-93,111
-7.426813602,4.048594952,4.455609322,-1.158200502,-0.337197602,-0.133168623,-5340,-6422,1959,-332,-91,-43
-5.975927353,2.300827742,4.137180328,-2.17590189,-0.818559408,-0.481361806,-5371,-6404,1943,-285,-112,203
-4.769249916,-0.426167905,4.268861771,-3.337767601,-0.879645944,-1.499063253,-5702,-6116,1971,26,-257,214
-5.212177277,-4.05577755,5.030217648,-3.455053806,-0.282219738,-2.035403013,-5509,-6019,1972,-346,80,134
-4.903325081,-8.547300339,4.876988888,-2.103819847,-0.081855945,-2.006081581,-5517,-6247,1930,-203,-128,542
-4.517858505,-10.94150162,6.4691329,-1.186300278,-0.138055548,-1.689653277,-5590,-6189,1936,-140,100,809
-3.596091032,-10.21605873,6.10281992,0.073303826,-0.113620937,-0.758694649,-5765,-5794,1945,80,-299,1015
-2.348711967,-8.489839554,3.490746021,-0.188146502,0.287106663,0.112399206,-6112,-5381,1900,-1707,-694,351
-2.334346771,-8.559270859,3.866635799,-0.273667634,0.109955743,0.118507855,-5880,-5311,1591,-2304,-1147,-1203
-2.075772762,-8.544905663,4.003105164,0.183259577,-0.179594383,-0.144164205,-6038,-6033,1005,-2245,-1154,-533
-1.843535304,-8.159439087,4.367023945,0.161268428,-0.0842994,-0.272445887,-6065,-5924,1314,-1052,-1630,1189
-2.013523579,-8.712499619,4.192247391,-0.114842668,0.045204028,-0.226020142,-6466,-5237,1270,-863,-1598,1869
-1.802833915,-8.655038834,3.543418407,0.028099801,-0.068416908,0.018325957,-6373,-5033,1401,-516,311,-521
-1.812410712,-8.858546257,3.751713991,0.072082102,-0.051312681,-0.029321533,-6397,-5022,1198,259,-263,-126
-1.680729628,-9.021351814,3.60327363,0.056199603,0.007330383,0.020769419,-6720,-4759,1635,428,111,883
-1.714248419,-8.590395927,4.007893562,0.091629788,-0.003665192,-0.015882496,-6575,-4869,1648,540,328,549
-1.683123827,-8.743624687,3.890577793,-0.057421334,0.006108652,-0.042760566,-6584,-4604,1616,-82,305,-86
-1.647210717,-8.801085472,3.785232782,-0.229685336,-0.059864793,-0.079412483,-6597,-4932,1610,72,324,43
-1.407790542,-8.319850922,3.488351822,0.263893783,-0.019547688,-0.150272846,-6768,-4836,1656,-42,17,-332
-1.654393315,-9.097966194,4.09169054,0.134390354,0.035430185,0.06963864,-6698,-5152,1483,185,216,3
-2.403778553,-8.671798706,5.870582581,0.532674491,-0.029321533,0.288328409,-6694,-5125,1473,376,181,-263
-2.760514498,-9.689333916,5.91128397,1.276708364,-0.029321533,0.58276546,-6710,-5142,1461,111,288,292
-3.066972494,-8.573636055,5.956773758,1.512502313,0.522900641,0.916297853,-6730,-4835,1442,-360,36,333
-3.462015629,-6.804321289,5.547365189,1.293812633,1.065348983,1.049466491,-6724,-4816,1440,-184,-310,-10
-3.497928619,-4.522646904,5.109226227,1.082453251,1.02991879,0.911410928,-6558,-4779,1659,-612,-183,287
-6.260837555,-4.656722069,6.782773495,-0.442266434,-0.062308256,-0.30787608,-6608,-4970,1852,454,342,217
-6.107608318,-4.357447147,6.631938934,0.460592389,0.036651913,-0.120951317,-6548,-4523,1453,1805,1310,814
-6.538564682,-4.450820923,6.821080685,0.301767439,0.157603234,-0.035430185,-6946,-4483,1641,943,1177,232
-6.900089264,-4.541800499,7.010222435,0.508239865,0.180816114,0.332310706,-7027,-4500,1457,845,672,277
-7.089231014,-3.823540211,6.643909931,0.828333259,0.373849541,0.812450767,-6967,-4493,1798,327,78,-360
-6.818686485,-2.63601613,6.011840343,0.862541735,0.502131224,1.007927656,-6566,-4534,1492,-512,-376,-244
-6.919242859,0.74459672,4.927267075,1.064127207,0.568104684,0.676838696,-6815,-4653,1200,-600,311,607
-7.180211067,1.398213744,4.855441093,0.535117984,0.359188765,0.403171062,-6899,-4237,1164,-97,-57,297
-7.673416615,1.716642618,5.063736439,0.114842668,0.168598801,0.273667634,-7175,-4441,1187,-79,47,159
-8.003816605,2.327163935,4.860229492,0.190589949,0.124616511,0.222354949,-6900,-4242,1243,159,95,210
-8.207323074,2.798821688,4.704606533,0.302989155,0.161268428,0.243124366,-6852,-4321,1589,1049,358,99
-7.941566944,2.954444885,4.417302132,0.326202035,0.160046697,0.23335053,-7031,-4619,1658,1408,607,-710
-7.797914982,3.292027235,3.974374771,0.290771842,0.122173049,0.138055548,-6801,-4618,1437,1823,868,-946
-7.829039574,3.536235809,3.82593441,0.455705464,0.081855945,0.150272846,-6595,-4881,1836,1445,679,-146
-7.936778545,4.223371983,3.320757866,0.43371433,0.086742863,0.103847094,-6805,-4533,1691,649,205,-322
-7.850587368,4.601655483,2.841917515,0.190589949,0.064751714,0.080634214,-6663,-5200,1760,-70,340,-491
-7.941566944,4.661510944,2.849100113,0.145385921,0.05375614,0.052534413,-6678,-5226,1762,-71,380,-495
-7.829039574,4.666299343,2.770091295,0.0842994,0.064751714,0.045204028,-6288,-5423,1764,50,-274,-722
-7.876923561,4.692635536,2.779668093,0.054977871,0.05375614,0.047647487,-6412,-5369,2051,69,74,-710
-7.754819393,4.730942726,2.82036972,0.117286131,-0.00122173,0.009773844,-6219,-5520,2106,-31,-27,-365
-7.812280178,4.800374508,2.614468336,0.014660766,0.008552114,0.008552114,-5866,-5920,2105,-299,74,-528
-7.833827972,4.924872875,2.482787132,0.030543262,0.02321288,0.031764992,-6000,-5802,2151,77,-257,-615
-7.771578789,4.924872875,2.408566952,0.045204028,0.020769419,0.015882496,-5919,-5860,2160,37,-287,-231
-7.711723804,4.94642067,2.449268341,0.02687807,0.008552114,0.007330383,-5604,-5879,1949,37,47,-158
-7.711723804,4.94402647,2.439691544,-0.004886922,-0.006108652,-0.010995574,-5588,-6225,1938,-317,120,-169
-7.453149796,4.441244125,2.810792685,-0.320093393,-0.146607652,-0.043982297,-5531,-6032,2170,75,-126,-185
-7.395689011,4.632780075,2.911349297,-0.389732033,-0.193033412,-0.075747289,-5694,-6073,1935,66,55,-133
-7.611167431,4.582501888,3.555389643,-0.654847562,-0.245567828,-0.124616511,-5645,-6131,1936,26,-117,-372
-7.762001991,4.290409565,4.115632534,-0.770911932,-0.291993588,-0.149051115,-5343,-6124,1938,59,-123,-312
-6.981492043,3.778050184,4.19464159,-1.423316002,-0.383623362,-0.375071257,-5333,-6427,1938,99,85,95
-5.748478413,0.44532153,3.507505417,-2.61572504,-0.774577141,-0.609643519,-5642,-6123,1966,73,87,377
-5.346252441,-2.056619167,4.280832767,-3.58944416,-0.835663676,-1.318247199,-5659,-6111,1986,-161,77,154
-4.747702122,-9.148244858,6.473921299,-0.342084527,-0.241902635,-1.091005325,-5540,-6255,1927,-544,118,226
-4.010287762,-8.396465302,5.458779812,0.232128799,-0.014660766,-0.397062421,-5599,-5886,2132,-214,18,1311
-3.217807055,-8.212111473,3.936067581,0.276111096,0.219911486,-0.008552114,-5860,-5745,2120,-411,115,1187
-2.85867691,-8.300697327,3.742137194,0.106290549,0.152716309,0.02321288,-6466,-5469,1779,-1257,-322,1306
-2.79163909,-8.070854187,4.446032524,-0.267558992,0.04642576,-0.118507855,-6478,-5090,1654,-2410,-1069,453
-2.774879694,-8.257601738,4.443638325,-0.167377084,-0.051312681,-0.229685336,-6344,-5198,1234,-2209,-763,533
-2.607285738,-8.377311707,4.627991676,0.145385921,-0.018325957,-0.24678956,-6535,-5185,1200,-1864,-870,839
-2.885013103,-8.382100105,5.152322292,1.145983219,0.172263995,0.004886922,-6821,-4279,1397,35,-126,1059
-2.705447912,-7.218518257,5.444414616,0.597426236,0.202807263,0.074525557,-7216,-4413,1159,-274,68,542
-2.755726099,-7.173028469,5.224148273,-0.134390354,0.237015709,0.096516706,-6887,-4063,1257,-169,99,555
-2.71263051,-7.524975777,5.056553841,-0.362853944,0.052534413,0.114842668,-7178,-4017,1616,-588,-330,-16
-2.959233284,-7.223306656,5.750872612,-0.091629788,-0.184481308,0.111177474,-7238,-4026,1608,-254,-304,270
-3.562572241,-7.704541206,6.557718277,0.182037845,-0.315206468,0.241902635,-7285,-4037,1556,-309,90,312
-4.134786129,-7.156269073,7.115567684,0.585208893,-0.173485726,0.514348507,-7043,-4023,1558,-283,115,313
-4.850652695,-5.489904404,7.309497833,1.339016676,0.619417369,1.10933125,-7268,-4127,1304,-216,198,-55
-5.243301868,-3.722983599,6.332663536,1.091005325,0.987158239,1.220508814,-7056,-3981,1320,-554,149,-61
-5.753266811,-2.121262789,6.246472359,0.934623837,0.767246723,1.012814522,-7189,-4051,1321,-45,-13,-542
-6.320692539,0.181959331,5.679046631,0.821002901,0.338419348,0.630412936,-6819,-4471,1392,-313,14,-629
-6.943184853,1.314416766,5.724536419,0.948062837,0.315206468,0.408057988,-6796,-4313,1371,188,296,16
-7.469909191,2.128445387,5.343858242,0.828333259,0.138055548,0.271224171,-7030,-4330,1324,416,229,63
-7.536946774,3.08133769,5.13556242,0.530231059,0.054977871,0.17715092,-6948,-4514,1357,770,304,-356
-7.649474621,3.08133769,5.382165432,0.42394048,0.108734012,0.212581098,-6560,-4534,1155,467,-56,-354
-7.623138428,3.782838583,4.642356873,0.441044718,0.185703039,0.129503429,-6636,-4918,1582,781,-67,-165
-7.584830761,4.254496574,4.098873138,0.427605659,0.146607652,0.141720742,-6764,-4985,1469,675,-32,-452
-7.17063427,4.472368717,3.375824451,0.285884947,0.085521132,-0.010995574,-6724,-5192,1889,494,518,-401
-7.565677166,4.850652695,3.191470861,0.12339478,0.074525557,-0.019547688,-6320,-5037,1907,295,-10,-617
-7.644686222,5.27442646,3.167528868,0.183259577,0.05009095,0.02687807,-6287,-5095,1908,69,-46,-590
-7.438784599,4.900930882,3.112462282,0.120951317,0.010995574,0.042760566,-6497,-5421,1678,-325,50,-196
-7.484274387,5.173870087,3.11964488,0.062308256,0.018325957,0.017104227,-6064,-5668,1714,36,-382,-890
-7.35977602,5.118803024,2.813186884,0.035430185,0.047647487,0.012217305,-6187,-5543,1730,68,72,-881
-7.422025204,5.195417881,2.784456491,0.006108652,0.035430185,0.008552114,-5882,-5620,1747,-118,103,-842
-7.422025204,4.917690277,2.825158119,0.043982297,-0.003665192,0.034208454,-5582,-6229,1774,94,-91,-151
-7.422025204,5.19781208,2.794033289,-0.015882496,-0.025656341,0.007330383,-5535,-6200,2055,-87,-94,-139
-7.417236805,5.137956619,2.870647907,-0.058643065,-0.010995574,-0.024434609,-5519,-6258,2070,-124,-78,-239
-7.371747017,5.212177277,3.100491285,-0.031764992,-0.039095376,-0.059864793,-5736,-6048,2084,127,-29,-142
-7.431602001,4.788403511,3.145981073,-0.149051115,-0.089186326,-0.045204028,-5673,-6061,2091,-123,-86,-168
-7.620744228,4.209006786,3.986345768,-0.609643519,-0.221133217,-0.101403631,-5482,-6502,2126,22,106,19
-7.230489254,4.213795185,4.5394063,-1.30480814,-0.401949346,-0.257785141,-5504,-6519,2120,12,-81,-92
-4.75488472,-2.128445387,6.576871872,-1.819156647,-0.871093869,-1.505172014,-5354,-6414,2174,3,100,348
-4.307168961,-4.321534157,7.819462776,-1.676214218,-0.709825397,-1.747074604,-5645,-6114,2156,-334,100,344
-3.921702385,-9.677363396,7.800309181,-1.134987593,-0.81122905,-1.159422278,-5684,-6095,1788,-184,126,133
-2.296039343,-6.888118267,7.024587631,0.133168623,0.318871647,-0.024434609,-5995,-5803,1774,-252,118,811
-2.504334927,-7.388506413,5.516240597,0.452040285,0.257785141,-0.003665192,-5771,-5593,1716,-402,-369,1030
-2.298433542,-7.831433773,6.040570736,0.406836241,0.034208454,0.150272846,-5821,-5890,1692,-816,-579,531
-1.699883223,-7.362170219,6.528987885,-0.478918344,0.00122173,0.557109118,-5811,-5958,1860,-920,-876,-269
-2.889801502,-7.663839817,5.877765179,-0.499687761,0.222354949,0.310319543,-6181,-5777,1442,-477,-656,-336
-2.839523315,-6.572083473,4.146757126,0.290771842,-0.215024561,-0.245567828,-6464,-5302,1678,-775,-517,859
-2.226607561,-8.930372238,5.930437565,-0.615752161,-0.368962616,-0.570548117,-6454,-5286,1686,-861,-608,778
-2.145204782,-8.24802494,5.767632008,-0.152716309,0.035430185,-0.201585531,-6313,-5381,2096,-452,-488,742
-1.48679924,-7.32146883,5.552153587,0.373849541,0.086742863,-0.406836241,-6707,-5168,2150,-336,-576,864
-1.26413846,-7.424419403,7.113173485,0.047647487,-0.059864793,-0.670730054,-6760,-4802,2163,99,-144,633
-1.513135433,-8.058882713,6.066906929,0.245567828,0.287106663,-0.144164205,-6640,-4910,2135,-97,-5,497
-2.7509377,-7.28316164,6.813898087,0.086742863,0.267558992,0.487470478,-6790,-4584,1891,-551,-23,-18
-3.835511208,-7.098807812,8.090007782,0.531452775,0.472809702,0.932180345,-6874,-4696,1907,-383,-295,-75
-4.216189384,-6.402095318,8.030152321,0.95050633,0.659734488,1.251052022,-6975,-4705,1693,-640,-562,-210
-4.735731125,-3.356670856,6.440402508,0.982271314,0.805120409,1.033583999,-6631,-4596,1801,-236,349,106
-6.936002254,0.153228909,5.951985359,0.416610092,0.277332813,0.213802829,-6962,-4485,1279,11,283,-103
-7.697358608,0.842759013,5.714959621,0.615752161,0.118507855,0.155159771,-6634,-4906,1530,698,300,563
-7.697358608,0.842759013,5.714959621,0.615752161,0.118507855,0.155159771,-7011,-4876,1860,1562,562,576
-7.845798969,1.441309452,5.839457989,0.368962616,0.135612085,0.085521132,-6986,-4520,1707,1674,496,794
-7.838616371,1.632845521,5.544970989,0.615752161,0.238237441,0.162490159,-6983,-4645,2111,1927,1044,387
-7.647080421,2.152387381,4.472368717,0.340862811,0.105068825,0.127059966,-7174,-4287,1730,1808,1659,-174
-7.936778545,3.028665066,4.381389141,0.23335053,0.13072516,0.051312681,-6810,-4488,1700,963,640,-680
-8.03494072,2.925714493,4.218583584,0.021991149,0.018325957,-0.013439035,-6294,-5427,1786,120,-297,-796
-7.812280178,3.189076662,4.345476151,-0.025656341,0.002443461,0.003665192,-6514,-5499,2156,-127,-229,-548
-7.927201748,3.021482468,4.390965939,0.045204028,0.004886922,0.015882496,-6136,-5270,2007,281,-604,-514
-8.030152321,3.232172251,4.350264549,0.068416908,0.006108652,0.035430185,-6258,-5525,2375,77,-282,-690
-7.905653954,3.524264812,3.861847401,0.079412483,0.00122173,-0.029321533,-5819,-5980,2178,-120,-275,-373
-7.852981567,3.15795207,4.213795185,-0.00122173,-0.003665192,0.014660766,-5824,-5961,2177,31,-114,-373
-7.852981567,3.440467834,4.264073372,0.009773844,-0.00122173,0.008552114,-5787,-6013,2431,-376,-146,84
-7.852981567,3.440467834,4.264073372,0.009773844,-0.00122173,0.008552114,-5782,-6011,2185,-275,-97,2
-7.836222172,3.435679436,4.42448473,-0.010995574,0.029321533,0.00122173,-5775,-5785,2195,-288,-121,73
-7.884106159,3.462015629,4.168305397,-0.009773844,0.019547688,-0.008552114,-6012,-5765,2428,-334,-126,44
-7.848193169,3.263296843,4.187458992,-0.028099801,-0.004886922,-0.008552114,-5996,-5795,2412,-296,-115,71
-7.821856976,3.028665066,4.30956316,-0.245567828,-0.140499011,-0.111177474,-6000,-5844,2396,32,-66,-350
-7.714118004,2.717418909,4.639962673,-0.283441484,-0.175929189,-0.091629788,-5954,-5814,2364,43,-21,-149
-7.714118004,2.717418909,4.639962673,-0.283441484,-0.175929189,-0.091629788,-5898,-6185,2343,-330,-109,-295
-7.369352818,2.023100376,4.857835293,-0.648738861,-0.322536856,-0.12339478,-5576,-6239,2355,46,-121,-289
-5.870582581,0.471657723,5.082890034,-1.445307136,-0.869872093,-0.62919122,-5588,-6200,2392,-292,-86,-34
-4.855441093,-2.78924489,4.826710701,-2.298074961,-1.16553092,-1.143539786,-5607,-6232,2352,-272,-122,272
-3.301604033,-9.004592896,8.372523308,-2.860071182,-0.948062837,-1.611462474,-5585,-6206,2336,9,-127,306
-2.255337954,-9.607931137,7.699752808,-1.363451242,-0.607200027,-1.301142931,-5921,-5869,2311,-186,115,168
-1.869871497,-9.44512558,5.877765179,0.00122173,-0.079412483,-0.648738861,-6001,-5808,2037,-335,67,604
-1.52510643,-8.063671112,3.981557369,0.718377531,0.388510287,0.168598801,-6065,-5370,2158,-1838,-761,437
-1.438915253,-8.125920296,4.711789131,0.228463605,0.2003638,0.283441484,-5876,-5526,1756,-1957,-1647,368
-1.235408068,-8.001421928,4.876988888,-0.519235432,-0.087964594,0.318871647,-6175,-5593,1674,-1707,-1431,-299
-1.096544385,-8.463502884,5.204994678,-0.52656585,-0.327423781,0.238237441,-6046,-5692,1902,-1535,-1031,138
-0.105344877,-8.731653214,4.106055737,-0.133168623,-0.057421334,-0.2003638,-6834,-4336,1913,56,-536,48
0.263362199,-8.908824921,4.05577755,-0.464257598,-0.158824965,-0.227241874,-6791,-4324,1732,-94,31,35
-0.162805721,-9.883264542,6.253654957,1.764178872,0.229685336,0.262672067,-6823,-4615,1680,32,132,-116
-0.869095206,-8.415618896,6.651092529,1.998751044,0.597426236,0.637743294,-6855,-4350,1800,-377,282,-293
-1.276109457,-7.237671852,7.467514992,1.843591332,1.690875053,0.978606105,-6808,-4681,1810,-340,-78,-318
-5.090072632,-1.752555609,6.619967937,0.146607652,0.657290995,0.814894259,-6649,-4493,1589,-292,93,-95
-5.98550415,-0.93134445,6.715735912,0.24678956,0.467922777,0.531452775,-6926,-4529,1599,62,281,96
-6.555324078,-0.095768064,6.615179062,0.241902635,0.356745303,0.359188765,-6932,-4903,1263,640,826,-277
-7.469909191,0.629675031,6.569689274,0.651182353,0.145385921,0.158824965,-6554,-4764,1618,1052,800,193
-7.714118004,1.125274777,6.428431511,0.486248732,0.21013765,0.145385921,-6633,-4984,1477,687,602,381
-7.484274387,1.8602947,5.928043365,1.117883444,0.335975885,0.168598801,-6768,-4920,1873,858,292,306
-7.352593422,2.224213362,5.078101635,0.234572262,0.108734012,0.094073251,-6651,-4588,1852,422,845,-114
-7.802703381,2.97359848,4.797980309,0.248011291,0.118507855,0.019547688,-6595,-4749,1498,795,427,-707
-7.726089001,3.047818661,4.414907932,0.067195177,0.00122173,0.045204028,-6287,-5459,1875,644,235,-1205
-7.841010571,3.074155092,4.584896088,-0.042760566,0.014660766,0,-6020,-5659,1866,627,164,-1249
-7.908048153,3.19865346,4.620809078,0.036651913,0.019547688,-0.009773844,-5938,-5791,1747,358,69,-799
-7.7284832,2.971204281,4.541800499,-0.021991149,0.041538838,0.008552114,-5528,-6242,2097,88,-110,-536
-7.647080421,3.179499865,4.49870491,-0.003665192,0.004886922,-0.02321288,-5752,-6050,2080,102,-41,-566
-7.572859764,2.928108692,4.46039772,-0.106290549,-0.040317107,-0.029321533,-5376,-6139,2126,115,105,-380
-7.393294811,2.647987127,4.50109911,-0.263893783,-0.102625363,-0.095294975,-5334,-6415,2135,83,-90,102
-7.501033783,2.389413357,4.893748283,-0.458148926,-0.183259577,-0.134390354,-5637,-6138,2125,-267,102,61
-7.560888767,2.063801765,5.482721806,-0.496022582,-0.245567828,-0.151494578,-5325,-6144,2134,89,-110,-277
-6.823474884,1.197100878,5.530605793,-0.767246723,-0.376293004,-0.204028994,-5317,-6447,2111,0,-91,18
-6.035782337,0.18435353,5.066130638,-1.387885809,-0.645073712,-0.626747727,-5281,-6501,2128,-272,-70,-84
-5.470750809,-1.604115129,5.269638062,-2.415361166,-1.121548533,-0.979827881,-5287,-6451,2147,65,-73,-95
-2.724601507,-9.203310966,6.87614727,-1.754405022,-0.612086952,-1.321912408,-5301,-6468,2113,-381,64,135
-1.738190413,-8.872911453,4.788403511,0.513126791,0.207694188,-0.161268428,-5524,-6192,1790,-255,-77,1016
-1.714248419,-9.141061783,3.007117271,-0.337197602,0.146607652,-0.05375614,-6036,-5720,1796,-950,-628,692
-1.323993564,-8.853757858,3.409343243,-0.160046697,0.101403631,0.083077677,-6060,-5372,1493,-1177,-747,841
-1.096544385,-9.567230225,3.912125587,0.031764992,-0.02321288,0.152716309,-6404,-5305,1518,-1297,-988,867
-0.871489406,-8.961497307,3.60327363,0.051312681,-0.191811681,-0.061086524,-6356,-5044,1819,-1058,-658,889
-0.883460402,-8.916007042,5.269638062,0.618195653,0.009773844,-0.183259577,-6606,-4977,1489,-784,94,1314
-2.384624958,-8.279149055,6.80192709,0.844215751,0.766025007,0.476474881,-6931,-4869,1409,-377,-302,-57
-3.34230566,-6.536170483,6.54574728,1.36100781,1.012814522,1.180191636,-6922,-4514,1497,37,-284,-122
-4.168305397,-4.879383087,5.607220173,1.092227101,0.918741345,1.08611846,-6977,-4698,1503,-363,40,76
-6.007051945,-2.197877169,5.956773758,0.580321968,0.355523586,0.557109118,-7013,-4702,1417,-543,79,-51
-6.663063526,-1.470039845,5.810727596,0.312763005,0.290771842,0.394618958,-6848,-4631,1600,97,211,137
-7.400477409,-0.763750315,6.260837555,0.329867244,0.134390354,0.276111096,-6628,-4888,1588,614,-61,65
-7.58961916,-0.009576807,6.014234543,0.494800836,0.174707457,0.285884947,-6784,-4961,1490,1404,533,398
-7.558494568,0.316034615,6.033388138,0.459370673,0.221133217,0.256563395,-6939,-4516,1517,1641,1106,145
-7.556100368,0.849941611,5.937620163,0.507018149,0.2003638,0.235793978,-6971,-4514,1794,1201,660,334
-7.491456985,1.134851575,5.324704647,0.425162196,0.158824965,0.252898216,-7039,-4725,1842,1163,772,-63
-7.491456985,1.675941229,5.116408825,0.278554559,0.142942473,0.12339478,-6823,-4690,1873,946,473,-149
-7.560888767,1.723825216,5.149928093,0.151494578,0.124616511,-0.00122173,-6974,-4510,1691,579,289,-626
-7.680599213,2.351106167,4.778826714,0.028099801,0.02687807,0.047647487,-6292,-5394,2088,117,-301,-1006
-7.80509758,2.516305923,5.049371243,0.013439035,0.014660766,-0.004886922,-5605,-6182,1936,111,-104,-458
-7.814674377,2.403778553,4.759673119,-0.008552114,-0.002443461,-0.015882496,-5567,-6215,1982,-105,101,-392
-7.316680431,2.169146776,4.788403511,-0.266337246,-0.156381503,0.002443461,-5657,-6112,1994,-263,74,117
-7.17063427,2.080561161,5.15950489,-0.485027015,-0.288328409,-0.065973446,-5688,-6112,1988,49,124,-63
-7.431602001,1.742978811,5.923254967,-0.616973877,-0.305432618,-0.161268428,-5728,-6060,2006,31,18,-128
-6.299144745,0.651222885,5.46596241,-0.728151381,-0.475253165,-0.312763005,-5674,-6088,2031,-110,-68,-302
-4.302380562,-3.600879431,6.210559368,-2.541199446,-0.943175912,-1.299921274,-5645,-6093,2037,47,-100,34
-3.97916317,-6.239289761,5.870582581,-2.742784977,-0.658512712,-1.671327353,-5642,-6142,2016,-355,97,-290
-2.516305923,-9.9526968,5.815515995,-0.257785141,-0.48991394,-0.481361806,-5932,-6197,2112,-463,-135,1176
-1.589749932,-8.793902397,4.910507679,0.403171062,-0.394618958,-0.114842668,-5975,-5835,2111,-415,-172,1580
-1.431732655,-8.4012537,4.405331135,0.474031419,-0.180816114,0.036651913,-6087,-5297,1674,-2398,-1348,852
-0.739808321,-8.762778282,4.446032524,-0.360410482,-0.072082102,-0.024434609,-6149,-5556,1426,-2936,-1793,353
-0.244208574,-9.459490776,3.931279182,0.558330834,0.149051115,-0.301767439,-6878,-4027,1783,-372,-889,1674
-0.493205547,-9.15063858,2.758120298,0.656069279,0.326202035,0.0842994,-7104,-4180,1704,-218,-74,-14
-0.55784899,-8.537723541,2.961627483,-0.497244298,0.045204028,0.140499011,-7252,-4394,1777,11,-133,-335
-1.48679924,-10.85770512,5.700594425,1.210734963,0.128281698,0.604756594,-7234,-4009,2091,-374,199,10
-2.23139596,-9.940725327,5.777208805,1.780061364,0.434936047,1.117883444,-7246,-3970,1874,-776,221,48
-3.258508444,-7.931990147,4.826710701,2.081828833,1.10933125,1.452637553,-7233,-4048,1640,-445,406,-89
-4.922478676,-4.426878929,5.884947777,0.901637077,0.93706727,1.386664152,-7006,-4229,1019,-493,325,-675
-5.779603004,-2.554613113,5.295974255,0.961501896,0.717155814,1.203404546,-6963,-4892,1342,-528,61,-1154
-6.212953568,-0.435744703,5.032611847,0.932180345,0.409279704,0.590095818,-6628,-4814,1188,384,-262,-1467
-7.704541206,0.146046311,5.916072369,0.174707457,-0.04642576,-0.007330383,-6341,-5202,1269,1142,-30,-915
-7.874529362,0.119710088,6.114790916,0.311541289,0.065973446,0.051312681,-6111,-5423,1394,516,163,-535
-8.066065788,1.321599364,5.305551052,0.44715336,0.219911486,0.10751228,-5823,-5988,1431,989,591,42
-7.951143742,1.829170108,5.080495834,0.266337246,0.105068825,0.002443461,-6022,-5673,2150,836,263,-315
-7.977479935,2.142810583,4.474762917,0.26145032,0.079412483,0.087964594,-6211,-5752,1955,176,256,-259
-8.051700592,2.425326347,4.110844135,0.075747289,0.032986723,0.063529983,-5779,-5953,2150,119,275,-646
-7.716512203,2.475604534,4.259284973,-0.129503429,-0.040317107,0.021991149,-5715,-6051,1939,125,269,-388
-7.773972988,2.482787132,4.328716755,-0.129503429,-0.096516706,0.003665192,-5671,-6128,2173,-102,-48,-502
-7.726089001,2.547430515,4.362235546,-0.205250725,-0.113620937,-0.052534413,-5316,-6460,1947,-35,-124,-583
-8.037335396,2.260126352,5.094861031,-0.382401645,-0.173485726,-0.122173049,-5320,-6425,1996,-96,-75,1
-7.24485445,1.544260144,4.917690277,-0.673173487,-0.378736466,-0.328645498,-5467,-6288,2016,-126,-59,-152
-4.912901878,-4.09408474,5.849034786,-2.204001904,-0.790459633,-1.594358325,-5048,-6673,1986,-518,57,-110
